Name,Station,Time,Homogeniserd mean temperature (month)
Oslo - Øvre Vollgate,SN18654,1.1816,-5
Oslo - Øvre Vollgate,SN18654,2.1816,-7.3
Oslo - Øvre Vollgate,SN18654,3.1816,-4.9
Oslo - Øvre Vollgate,SN18654,4.1816,1.8
Oslo - Øvre Vollgate,SN18654,5.1816,6.1
Oslo - Øvre Vollgate,SN18654,6.1816,13.1
Oslo - Øvre Vollgate,SN18654,7.1816,16.4
Oslo - Øvre Vollgate,SN18654,8.1816,12.2
Oslo - Øvre Vollgate,SN18654,9.1816,8.9
Oslo - Øvre Vollgate,SN18654,10.1816,3.5
Oslo - Øvre Vollgate,SN18654,11.1816,-1
Oslo - Øvre Vollgate,SN18654,12.1816,-3.3
Oslo - Øvre Vollgate,SN18654,1.1817,-1.7
Oslo - Øvre Vollgate,SN18654,2.1817,-1.1
Oslo - Øvre Vollgate,SN18654,3.1817,-2.6
Oslo - Øvre Vollgate,SN18654,4.1817,2.3
Oslo - Øvre Vollgate,SN18654,5.1817,8.1
Oslo - Øvre Vollgate,SN18654,6.1817,12.2
Oslo - Øvre Vollgate,SN18654,7.1817,14.2
Oslo - Øvre Vollgate,SN18654,8.1817,12.2
Oslo - Øvre Vollgate,SN18654,9.1817,10.6
Oslo - Øvre Vollgate,SN18654,10.1817,1.2
Oslo - Øvre Vollgate,SN18654,11.1817,0.4
Oslo - Øvre Vollgate,SN18654,12.1817,-9.1
Oslo - Øvre Vollgate,SN18654,1.1818,-5.8
Oslo - Øvre Vollgate,SN18654,2.1818,-4.4
Oslo - Øvre Vollgate,SN18654,3.1818,-1.7
Oslo - Øvre Vollgate,SN18654,4.1818,-0.2
Oslo - Øvre Vollgate,SN18654,5.1818,7.9
Oslo - Øvre Vollgate,SN18654,6.1818,14.2
Oslo - Øvre Vollgate,SN18654,7.1818,16.8
Oslo - Øvre Vollgate,SN18654,8.1818,12.1
Oslo - Øvre Vollgate,SN18654,9.1818,10
Oslo - Øvre Vollgate,SN18654,10.1818,6.6
Oslo - Øvre Vollgate,SN18654,11.1818,2.4
Oslo - Øvre Vollgate,SN18654,12.1818,0.4
Oslo - Øvre Vollgate,SN18654,1.1819,-0.7
Oslo - Øvre Vollgate,SN18654,2.1819,-2.6
Oslo - Øvre Vollgate,SN18654,3.1819,-0.9
Oslo - Øvre Vollgate,SN18654,4.1819,3.9
Oslo - Øvre Vollgate,SN18654,5.1819,9.1
Oslo - Øvre Vollgate,SN18654,6.1819,14.2
Oslo - Øvre Vollgate,SN18654,7.1819,17.9
Oslo - Øvre Vollgate,SN18654,8.1819,17.3
Oslo - Øvre Vollgate,SN18654,9.1819,11.6
Oslo - Øvre Vollgate,SN18654,10.1819,3.3
Oslo - Øvre Vollgate,SN18654,11.1819,-3.5
Oslo - Øvre Vollgate,SN18654,12.1819,-5.6
Oslo - Øvre Vollgate,SN18654,1.182,-9.7
Oslo - Øvre Vollgate,SN18654,2.182,-4.9
Oslo - Øvre Vollgate,SN18654,3.182,-2.4
Oslo - Øvre Vollgate,SN18654,4.182,3.9
Oslo - Øvre Vollgate,SN18654,5.182,8.8
Oslo - Øvre Vollgate,SN18654,6.182,13
Oslo - Øvre Vollgate,SN18654,7.182,17
Oslo - Øvre Vollgate,SN18654,8.182,13.7
Oslo - Øvre Vollgate,SN18654,9.182,9.7
Oslo - Øvre Vollgate,SN18654,10.182,4.9
Oslo - Øvre Vollgate,SN18654,11.182,-0.2
Oslo - Øvre Vollgate,SN18654,12.182,-7
Oslo - Øvre Vollgate,SN18654,1.1821,-8.4
Oslo - Øvre Vollgate,SN18654,2.1821,-3.1
Oslo - Øvre Vollgate,SN18654,3.1821,-2.1
Oslo - Øvre Vollgate,SN18654,4.1821,4.5
Oslo - Øvre Vollgate,SN18654,5.1821,8
Oslo - Øvre Vollgate,SN18654,6.1821,12.1
Oslo - Øvre Vollgate,SN18654,7.1821,13.4
Oslo - Øvre Vollgate,SN18654,8.1821,12.8
Oslo - Øvre Vollgate,SN18654,9.1821,11.7
Oslo - Øvre Vollgate,SN18654,10.1821,8.5
Oslo - Øvre Vollgate,SN18654,11.1821,1.9
Oslo - Øvre Vollgate,SN18654,12.1821,1.5
Oslo - Øvre Vollgate,SN18654,1.1822,-2.6
Oslo - Øvre Vollgate,SN18654,2.1822,2.8
Oslo - Øvre Vollgate,SN18654,3.1822,3.5
Oslo - Øvre Vollgate,SN18654,4.1822,5.6
Oslo - Øvre Vollgate,SN18654,5.1822,10.2
Oslo - Øvre Vollgate,SN18654,6.1822,14.2
Oslo - Øvre Vollgate,SN18654,7.1822,15.7
Oslo - Øvre Vollgate,SN18654,8.1822,15.7
Oslo - Øvre Vollgate,SN18654,9.1822,10.5
Oslo - Øvre Vollgate,SN18654,10.1822,6.6
Oslo - Øvre Vollgate,SN18654,11.1822,4.6
Oslo - Øvre Vollgate,SN18654,12.1822,-1.6
Oslo - Øvre Vollgate,SN18654,1.1823,-8.3
Oslo - Øvre Vollgate,SN18654,2.1823,-5.6
Oslo - Øvre Vollgate,SN18654,3.1823,-0.3
Oslo - Øvre Vollgate,SN18654,4.1823,2.8
Oslo - Øvre Vollgate,SN18654,5.1823,8.1
Oslo - Øvre Vollgate,SN18654,6.1823,13.1
Oslo - Øvre Vollgate,SN18654,7.1823,14.5
Oslo - Øvre Vollgate,SN18654,8.1823,15.3
Oslo - Øvre Vollgate,SN18654,9.1823,11.2
Oslo - Øvre Vollgate,SN18654,10.1823,7.5
Oslo - Øvre Vollgate,SN18654,11.1823,1.4
Oslo - Øvre Vollgate,SN18654,12.1823,-0.4
Oslo - Øvre Vollgate,SN18654,1.1824,0
Oslo - Øvre Vollgate,SN18654,2.1824,-0.4
Oslo - Øvre Vollgate,SN18654,3.1824,-0.3
Oslo - Øvre Vollgate,SN18654,4.1824,4
Oslo - Øvre Vollgate,SN18654,5.1824,8.6
Oslo - Øvre Vollgate,SN18654,6.1824,13.8
Oslo - Øvre Vollgate,SN18654,7.1824,14.8
Oslo - Øvre Vollgate,SN18654,8.1824,14.3
Oslo - Øvre Vollgate,SN18654,9.1824,11.7
Oslo - Øvre Vollgate,SN18654,10.1824,4.4
Oslo - Øvre Vollgate,SN18654,11.1824,0.1
Oslo - Øvre Vollgate,SN18654,12.1824,-2.8
Oslo - Øvre Vollgate,SN18654,1.1825,0.5
Oslo - Øvre Vollgate,SN18654,2.1825,-1.3
Oslo - Øvre Vollgate,SN18654,3.1825,-0.8
Oslo - Øvre Vollgate,SN18654,4.1825,4.1
Oslo - Øvre Vollgate,SN18654,5.1825,8.7
Oslo - Øvre Vollgate,SN18654,6.1825,13.1
Oslo - Øvre Vollgate,SN18654,7.1825,15.5
Oslo - Øvre Vollgate,SN18654,8.1825,14.6
Oslo - Øvre Vollgate,SN18654,9.1825,11.1
Oslo - Øvre Vollgate,SN18654,10.1825,6.9
Oslo - Øvre Vollgate,SN18654,11.1825,0.3
Oslo - Øvre Vollgate,SN18654,12.1825,-0.5
Oslo - Øvre Vollgate,SN18654,1.1826,-6.1
Oslo - Øvre Vollgate,SN18654,2.1826,1
Oslo - Øvre Vollgate,SN18654,3.1826,1.2
Oslo - Øvre Vollgate,SN18654,4.1826,4.4
Oslo - Øvre Vollgate,SN18654,5.1826,10.5
Oslo - Øvre Vollgate,SN18654,6.1826,16.3
Oslo - Øvre Vollgate,SN18654,7.1826,17.7
Oslo - Øvre Vollgate,SN18654,8.1826,15.1
Oslo - Øvre Vollgate,SN18654,9.1826,10.4
Oslo - Øvre Vollgate,SN18654,10.1826,7.2
Oslo - Øvre Vollgate,SN18654,11.1826,0.7
Oslo - Øvre Vollgate,SN18654,12.1826,-0.1
Oslo - Øvre Vollgate,SN18654,1.1827,-5.8
Oslo - Øvre Vollgate,SN18654,2.1827,-8.2
Oslo - Øvre Vollgate,SN18654,3.1827,-1.9
Oslo - Øvre Vollgate,SN18654,4.1827,3.8
Oslo - Øvre Vollgate,SN18654,5.1827,9.4
Oslo - Øvre Vollgate,SN18654,6.1827,14.3
Oslo - Øvre Vollgate,SN18654,7.1827,14.1
Oslo - Øvre Vollgate,SN18654,8.1827,12.9
Oslo - Øvre Vollgate,SN18654,9.1827,11.6
Oslo - Øvre Vollgate,SN18654,10.1827,6
Oslo - Øvre Vollgate,SN18654,11.1827,-1.1
Oslo - Øvre Vollgate,SN18654,12.1827,1.6
Oslo - Øvre Vollgate,SN18654,1.1828,-6.4
Oslo - Øvre Vollgate,SN18654,2.1828,-7.6
Oslo - Øvre Vollgate,SN18654,3.1828,-0.7
Oslo - Øvre Vollgate,SN18654,4.1828,1.3
Oslo - Øvre Vollgate,SN18654,5.1828,10.2
Oslo - Øvre Vollgate,SN18654,6.1828,15.6
Oslo - Øvre Vollgate,SN18654,7.1828,17.8
Oslo - Øvre Vollgate,SN18654,8.1828,15.4
Oslo - Øvre Vollgate,SN18654,9.1828,10.3
Oslo - Øvre Vollgate,SN18654,10.1828,6.3
Oslo - Øvre Vollgate,SN18654,11.1828,1.1
Oslo - Øvre Vollgate,SN18654,12.1828,-3
Oslo - Øvre Vollgate,SN18654,1.1829,-4.7
Oslo - Øvre Vollgate,SN18654,2.1829,-9.1
Oslo - Øvre Vollgate,SN18654,3.1829,-4.5
Oslo - Øvre Vollgate,SN18654,4.1829,1
Oslo - Øvre Vollgate,SN18654,5.1829,9.1
Oslo - Øvre Vollgate,SN18654,6.1829,15.2
Oslo - Øvre Vollgate,SN18654,7.1829,15.4
Oslo - Øvre Vollgate,SN18654,8.1829,14
Oslo - Øvre Vollgate,SN18654,9.1829,10.4
Oslo - Øvre Vollgate,SN18654,10.1829,4.8
Oslo - Øvre Vollgate,SN18654,11.1829,-3.3
Oslo - Øvre Vollgate,SN18654,12.1829,-5.8
Oslo - Øvre Vollgate,SN18654,1.183,-6
Oslo - Øvre Vollgate,SN18654,2.183,-8.1
Oslo - Øvre Vollgate,SN18654,3.183,-0.1
Oslo - Øvre Vollgate,SN18654,4.183,4.4
Oslo - Øvre Vollgate,SN18654,5.183,9.2
Oslo - Øvre Vollgate,SN18654,6.183,12.4
Oslo - Øvre Vollgate,SN18654,7.183,16.6
Oslo - Øvre Vollgate,SN18654,8.183,13.1
Oslo - Øvre Vollgate,SN18654,9.183,10
Oslo - Øvre Vollgate,SN18654,10.183,5.6
Oslo - Øvre Vollgate,SN18654,11.183,2.5
Oslo - Øvre Vollgate,SN18654,12.183,-6.1
Oslo - Øvre Vollgate,SN18654,1.1831,-7.9
Oslo - Øvre Vollgate,SN18654,2.1831,-4.8
Oslo - Øvre Vollgate,SN18654,3.1831,-2.2
Oslo - Øvre Vollgate,SN18654,4.1831,3.2
Oslo - Øvre Vollgate,SN18654,5.1831,10.2
Oslo - Øvre Vollgate,SN18654,6.1831,15.3
Oslo - Øvre Vollgate,SN18654,7.1831,17.8
Oslo - Øvre Vollgate,SN18654,8.1831,16.6
Oslo - Øvre Vollgate,SN18654,9.1831,9.7
Oslo - Øvre Vollgate,SN18654,10.1831,7.6
Oslo - Øvre Vollgate,SN18654,11.1831,-2.1
Oslo - Øvre Vollgate,SN18654,12.1831,-1.5
Oslo - Øvre Vollgate,SN18654,1.1832,-4.4
Oslo - Øvre Vollgate,SN18654,2.1832,-2.2
Oslo - Øvre Vollgate,SN18654,3.1832,0.6
Oslo - Øvre Vollgate,SN18654,4.1832,4.9
Oslo - Øvre Vollgate,SN18654,5.1832,7.3
Oslo - Øvre Vollgate,SN18654,6.1832,14.5
Oslo - Øvre Vollgate,SN18654,7.1832,13.8
Oslo - Øvre Vollgate,SN18654,8.1832,13.8
Oslo - Øvre Vollgate,SN18654,9.1832,9.3
Oslo - Øvre Vollgate,SN18654,10.1832,6.7
Oslo - Øvre Vollgate,SN18654,11.1832,1.1
Oslo - Øvre Vollgate,SN18654,12.1832,-0.9
Oslo - Øvre Vollgate,SN18654,1.1833,-6.9
Oslo - Øvre Vollgate,SN18654,2.1833,-2.2
Oslo - Øvre Vollgate,SN18654,3.1833,-2.3
Oslo - Øvre Vollgate,SN18654,4.1833,2.1
Oslo - Øvre Vollgate,SN18654,5.1833,11
Oslo - Øvre Vollgate,SN18654,6.1833,13.8
Oslo - Øvre Vollgate,SN18654,7.1833,16.9
Oslo - Øvre Vollgate,SN18654,8.1833,11.9
Oslo - Øvre Vollgate,SN18654,9.1833,11.1
Oslo - Øvre Vollgate,SN18654,10.1833,7.4
Oslo - Øvre Vollgate,SN18654,11.1833,1.4
Oslo - Øvre Vollgate,SN18654,12.1833,-4.4
Oslo - Øvre Vollgate,SN18654,1.1834,-5
Oslo - Øvre Vollgate,SN18654,2.1834,-0.5
Oslo - Øvre Vollgate,SN18654,3.1834,1.3
Oslo - Øvre Vollgate,SN18654,4.1834,3.9
Oslo - Øvre Vollgate,SN18654,5.1834,9.5
Oslo - Øvre Vollgate,SN18654,6.1834,13.7
Oslo - Øvre Vollgate,SN18654,7.1834,19.4
Oslo - Øvre Vollgate,SN18654,8.1834,17.4
Oslo - Øvre Vollgate,SN18654,9.1834,9.8
Oslo - Øvre Vollgate,SN18654,10.1834,5.1
Oslo - Øvre Vollgate,SN18654,11.1834,-2.1
Oslo - Øvre Vollgate,SN18654,12.1834,-3.3
Oslo - Øvre Vollgate,SN18654,1.1835,-1.7
Oslo - Øvre Vollgate,SN18654,2.1835,0
Oslo - Øvre Vollgate,SN18654,3.1835,0
Oslo - Øvre Vollgate,SN18654,4.1835,2.7
Oslo - Øvre Vollgate,SN18654,5.1835,7.1
Oslo - Øvre Vollgate,SN18654,6.1835,15.1
Oslo - Øvre Vollgate,SN18654,7.1835,15.2
Oslo - Øvre Vollgate,SN18654,8.1835,13.4
Oslo - Øvre Vollgate,SN18654,9.1835,11.6
Oslo - Øvre Vollgate,SN18654,10.1835,5.9
Oslo - Øvre Vollgate,SN18654,11.1835,-0.8
Oslo - Øvre Vollgate,SN18654,12.1835,-5.5
Oslo - Øvre Vollgate,SN18654,1.1836,-6
Oslo - Øvre Vollgate,SN18654,2.1836,-3.3
Oslo - Øvre Vollgate,SN18654,3.1836,0.1
Oslo - Øvre Vollgate,SN18654,4.1836,3.7
Oslo - Øvre Vollgate,SN18654,5.1836,9.6
Oslo - Øvre Vollgate,SN18654,6.1836,13.7
Oslo - Øvre Vollgate,SN18654,7.1836,14.7
Oslo - Øvre Vollgate,SN18654,8.1836,12.7
Oslo - Øvre Vollgate,SN18654,9.1836,7.9
Oslo - Øvre Vollgate,SN18654,10.1836,5.7
Oslo - Øvre Vollgate,SN18654,11.1836,-1.3
Oslo - Øvre Vollgate,SN18654,12.1836,-7
Oslo - Øvre Vollgate,SN18654,1.1837,-7.9
Oslo - Øvre Vollgate,SN18654,2.1837,-2.8
Oslo - Øvre Vollgate,SN18654,3.1837,-4.8
Oslo - Øvre Vollgate,SN18654,4.1837,2.5
Oslo - Øvre Vollgate,SN18654,5.1837,8.3
Oslo - Øvre Vollgate,SN18654,6.1837,13.4
Oslo - Øvre Vollgate,SN18654,7.1837,15.7
Oslo - Øvre Vollgate,SN18654,8.1837,14.9
Oslo - Øvre Vollgate,SN18654,9.1837,10.1
Oslo - Øvre Vollgate,SN18654,10.1837,6.6
Oslo - Øvre Vollgate,SN18654,11.1837,-0.1
Oslo - Øvre Vollgate,SN18654,12.1837,-3.1
Oslo - Øvre Vollgate,SN18654,1.1838,-7.9
Oslo - Øvre Vollgate,SN18654,2.1838,-11.2
Oslo - Øvre Vollgate,SN18654,3.1838,-3.3
Oslo - Øvre Vollgate,SN18654,4.1838,0.3
Oslo - Øvre Vollgate,SN18654,5.1838,8.4
Oslo - Øvre Vollgate,SN18654,6.1838,13.9
Oslo - Øvre Vollgate,SN18654,7.1838,17
Oslo - Øvre Vollgate,SN18654,8.1838,12.9
Oslo - Øvre Vollgate,SN18654,9.1838,10.8
Oslo - Øvre Vollgate,SN18654,10.1838,4.3
Oslo - Øvre Vollgate,SN18654,11.1838,-1.8
Oslo - Øvre Vollgate,SN18654,12.1838,-4.8
Oslo - Blindern,SN18700,4.1837,3.1
Oslo - Blindern,SN18700,5.1837,8.9
Oslo - Blindern,SN18700,6.1837,13.5
Oslo - Blindern,SN18700,7.1837,16
Oslo - Blindern,SN18700,8.1837,15.7
Oslo - Blindern,SN18700,9.1837,11.2
Oslo - Blindern,SN18700,10.1837,7.6
Oslo - Blindern,SN18700,11.1837,0.8
Oslo - Blindern,SN18700,12.1837,-3
Oslo - Blindern,SN18700,1.1838,-8.6
Oslo - Blindern,SN18700,2.1838,-11.6
Oslo - Blindern,SN18700,3.1838,-2.2
Oslo - Blindern,SN18700,4.1838,0.9
Oslo - Blindern,SN18700,5.1838,9
Oslo - Blindern,SN18700,6.1838,14.5
Oslo - Blindern,SN18700,7.1838,17.3
Oslo - Blindern,SN18700,8.1838,13.7
Oslo - Blindern,SN18700,9.1838,11.9
Oslo - Blindern,SN18700,10.1838,5
Oslo - Blindern,SN18700,11.1838,-1.6
Oslo - Blindern,SN18700,12.1838,-4.8
Oslo - Blindern,SN18700,1.1839,-5.2
Oslo - Blindern,SN18700,2.1839,-3.4
Oslo - Blindern,SN18700,3.1839,-5.4
Oslo - Blindern,SN18700,4.1839,1.1
Oslo - Blindern,SN18700,5.1839,9.8
Oslo - Blindern,SN18700,6.1839,15
Oslo - Blindern,SN18700,7.1839,17
Oslo - Blindern,SN18700,8.1839,13.8
Oslo - Blindern,SN18700,9.1839,11.7
Oslo - Blindern,SN18700,10.1839,7.9
Oslo - Blindern,SN18700,11.1839,0.3
Oslo - Blindern,SN18700,12.1839,-5.5
Oslo - Blindern,SN18700,1.184,-4.8
Oslo - Blindern,SN18700,2.184,-2.3
Oslo - Blindern,SN18700,3.184,0
Oslo - Blindern,SN18700,4.184,6.4
Oslo - Blindern,SN18700,5.184,8.8
Oslo - Blindern,SN18700,6.184,14.3
Oslo - Blindern,SN18700,7.184,14.3
Oslo - Blindern,SN18700,8.184,15.5
Oslo - Blindern,SN18700,9.184,11.6
Oslo - Blindern,SN18700,10.184,4.1
Oslo - Blindern,SN18700,11.184,0.9
Oslo - Blindern,SN18700,12.184,-7.4
Oslo - Blindern,SN18700,1.1841,-8.6
Oslo - Blindern,SN18700,2.1841,-6.7
Oslo - Blindern,SN18700,3.1841,0.4
Oslo - Blindern,SN18700,4.1841,5.2
Oslo - Blindern,SN18700,5.1841,11.4
Oslo - Blindern,SN18700,6.1841,13.3
Oslo - Blindern,SN18700,7.1841,14.3
Oslo - Blindern,SN18700,8.1841,14.5
Oslo - Blindern,SN18700,9.1841,10.5
Oslo - Blindern,SN18700,10.1841,4.9
Oslo - Blindern,SN18700,11.1841,-1.7
Oslo - Blindern,SN18700,12.1841,-1
Oslo - Blindern,SN18700,1.1842,-4.5
Oslo - Blindern,SN18700,2.1842,-1
Oslo - Blindern,SN18700,3.1842,1
Oslo - Blindern,SN18700,4.1842,6.5
Oslo - Blindern,SN18700,5.1842,13
Oslo - Blindern,SN18700,6.1842,15.8
Oslo - Blindern,SN18700,7.1842,15.5
Oslo - Blindern,SN18700,8.1842,18.2
Oslo - Blindern,SN18700,9.1842,11.1
Oslo - Blindern,SN18700,10.1842,6.4
Oslo - Blindern,SN18700,11.1842,-1.4
Oslo - Blindern,SN18700,12.1842,0.3
Oslo - Blindern,SN18700,1.1843,-2.3
Oslo - Blindern,SN18700,2.1843,-5.3
Oslo - Blindern,SN18700,3.1843,-1.5
Oslo - Blindern,SN18700,4.1843,3
Oslo - Blindern,SN18700,5.1843,10
Oslo - Blindern,SN18700,6.1843,15
Oslo - Blindern,SN18700,7.1843,16.9
Oslo - Blindern,SN18700,8.1843,17
Oslo - Blindern,SN18700,9.1843,12.1
Oslo - Blindern,SN18700,10.1843,3.3
Oslo - Blindern,SN18700,11.1843,0.8
Oslo - Blindern,SN18700,12.1843,-0.6
Oslo - Blindern,SN18700,1.1844,-5.6
Oslo - Blindern,SN18700,2.1844,-9.9
Oslo - Blindern,SN18700,3.1844,-3.4
Oslo - Blindern,SN18700,4.1844,5.2
Oslo - Blindern,SN18700,5.1844,12.6
Oslo - Blindern,SN18700,6.1844,13.5
Oslo - Blindern,SN18700,7.1844,16.1
Oslo - Blindern,SN18700,8.1844,14.4
Oslo - Blindern,SN18700,9.1844,11.4
Oslo - Blindern,SN18700,10.1844,6
Oslo - Blindern,SN18700,11.1844,-1
Oslo - Blindern,SN18700,12.1844,-9.6
Oslo - Blindern,SN18700,1.1845,-3.3
Oslo - Blindern,SN18700,2.1845,-11.8
Oslo - Blindern,SN18700,3.1845,-5.1
Oslo - Blindern,SN18700,4.1845,4.7
Oslo - Blindern,SN18700,5.1845,9.7
Oslo - Blindern,SN18700,6.1845,14.5
Oslo - Blindern,SN18700,7.1845,16.7
Oslo - Blindern,SN18700,8.1845,15.2
Oslo - Blindern,SN18700,9.1845,10.9
Oslo - Blindern,SN18700,10.1845,4.4
Oslo - Blindern,SN18700,11.1845,3
Oslo - Blindern,SN18700,12.1845,-2.8
Oslo - Blindern,SN18700,1.1846,-3.5
Oslo - Blindern,SN18700,2.1846,-4.4
Oslo - Blindern,SN18700,3.1846,1.9
Oslo - Blindern,SN18700,4.1846,4.6
Oslo - Blindern,SN18700,5.1846,9
Oslo - Blindern,SN18700,6.1846,16.9
Oslo - Blindern,SN18700,7.1846,17.2
Oslo - Blindern,SN18700,8.1846,19.8
Oslo - Blindern,SN18700,9.1846,12.9
Oslo - Blindern,SN18700,10.1846,9.5
Oslo - Blindern,SN18700,11.1846,1.6
Oslo - Blindern,SN18700,12.1846,-6.9
Oslo - Blindern,SN18700,1.1847,-6.9
Oslo - Blindern,SN18700,2.1847,-6.2
Oslo - Blindern,SN18700,3.1847,-1.4
Oslo - Blindern,SN18700,4.1847,1.6
Oslo - Blindern,SN18700,5.1847,9.4
Oslo - Blindern,SN18700,6.1847,15.7
Oslo - Blindern,SN18700,7.1847,17.7
Oslo - Blindern,SN18700,8.1847,16.2
Oslo - Blindern,SN18700,9.1847,10.3
Oslo - Blindern,SN18700,10.1847,4.1
Oslo - Blindern,SN18700,11.1847,4.2
Oslo - Blindern,SN18700,12.1847,-0.8
Oslo - Blindern,SN18700,1.1848,-7.1
Oslo - Blindern,SN18700,2.1848,-3.7
Oslo - Blindern,SN18700,3.1848,0
Oslo - Blindern,SN18700,4.1848,4.6
Oslo - Blindern,SN18700,5.1848,11.7
Oslo - Blindern,SN18700,6.1848,14.5
Oslo - Blindern,SN18700,7.1848,14.9
Oslo - Blindern,SN18700,8.1848,13
Oslo - Blindern,SN18700,9.1848,11.1
Oslo - Blindern,SN18700,10.1848,5.2
Oslo - Blindern,SN18700,11.1848,-1.9
Oslo - Blindern,SN18700,12.1848,-4
Oslo - Blindern,SN18700,1.1849,-8.1
Oslo - Blindern,SN18700,2.1849,-2
Oslo - Blindern,SN18700,3.1849,0.3
Oslo - Blindern,SN18700,4.1849,3.2
Oslo - Blindern,SN18700,5.1849,11.1
Oslo - Blindern,SN18700,6.1849,12.4
Oslo - Blindern,SN18700,7.1849,15.5
Oslo - Blindern,SN18700,8.1849,15.2
Oslo - Blindern,SN18700,9.1849,10.9
Oslo - Blindern,SN18700,10.1849,3.4
Oslo - Blindern,SN18700,11.1849,-0.2
Oslo - Blindern,SN18700,12.1849,-5.9
Oslo - Blindern,SN18700,1.185,-9.9
Oslo - Blindern,SN18700,2.185,-2
Oslo - Blindern,SN18700,3.185,-1.5
Oslo - Blindern,SN18700,4.185,3.8
Oslo - Blindern,SN18700,5.185,10.3
Oslo - Blindern,SN18700,6.185,14.6
Oslo - Blindern,SN18700,7.185,17.2
Oslo - Blindern,SN18700,8.185,15
Oslo - Blindern,SN18700,9.185,10.7
Oslo - Blindern,SN18700,10.185,4
Oslo - Blindern,SN18700,11.185,-1.1
Oslo - Blindern,SN18700,12.185,-2.1
Oslo - Blindern,SN18700,1.1851,-2.4
Oslo - Blindern,SN18700,2.1851,-2.3
Oslo - Blindern,SN18700,3.1851,-1.8
Oslo - Blindern,SN18700,4.1851,4.3
Oslo - Blindern,SN18700,5.1851,8.4
Oslo - Blindern,SN18700,6.1851,12.5
Oslo - Blindern,SN18700,7.1851,14.2
Oslo - Blindern,SN18700,8.1851,14.2
Oslo - Blindern,SN18700,9.1851,11.6
Oslo - Blindern,SN18700,10.1851,6.7
Oslo - Blindern,SN18700,11.1851,0
Oslo - Blindern,SN18700,12.1851,-0.7
Oslo - Blindern,SN18700,1.1852,-2.2
Oslo - Blindern,SN18700,2.1852,-4.5
Oslo - Blindern,SN18700,3.1852,-0.6
Oslo - Blindern,SN18700,4.1852,3.1
Oslo - Blindern,SN18700,5.1852,11.1
Oslo - Blindern,SN18700,6.1852,14.8
Oslo - Blindern,SN18700,7.1852,19.1
Oslo - Blindern,SN18700,8.1852,17.1
Oslo - Blindern,SN18700,9.1852,11.3
Oslo - Blindern,SN18700,10.1852,2.5
Oslo - Blindern,SN18700,11.1852,-2.5
Oslo - Blindern,SN18700,12.1852,-2.6
Oslo - Blindern,SN18700,1.1853,-1.4
Oslo - Blindern,SN18700,2.1853,-7.8
Oslo - Blindern,SN18700,3.1853,-5.4
Oslo - Blindern,SN18700,4.1853,1.9
Oslo - Blindern,SN18700,5.1853,10.9
Oslo - Blindern,SN18700,6.1853,17.4
Oslo - Blindern,SN18700,7.1853,16.8
Oslo - Blindern,SN18700,8.1853,14.4
Oslo - Blindern,SN18700,9.1853,11.8
Oslo - Blindern,SN18700,10.1853,6.1
Oslo - Blindern,SN18700,11.1853,2.3
Oslo - Blindern,SN18700,12.1853,-3.5
Oslo - Blindern,SN18700,1.1854,-5.6
Oslo - Blindern,SN18700,2.1854,-1.7
Oslo - Blindern,SN18700,3.1854,2.7
Oslo - Blindern,SN18700,4.1854,5.9
Oslo - Blindern,SN18700,5.1854,10.6
Oslo - Blindern,SN18700,6.1854,15.2
Oslo - Blindern,SN18700,7.1854,18.7
Oslo - Blindern,SN18700,8.1854,16.7
Oslo - Blindern,SN18700,9.1854,11.3
Oslo - Blindern,SN18700,10.1854,6
Oslo - Blindern,SN18700,11.1854,-1.4
Oslo - Blindern,SN18700,12.1854,-3.4
Oslo - Blindern,SN18700,1.1855,-6.1
Oslo - Blindern,SN18700,2.1855,-13
Oslo - Blindern,SN18700,3.1855,-3.2
Oslo - Blindern,SN18700,4.1855,3.4
Oslo - Blindern,SN18700,5.1855,8.2
Oslo - Blindern,SN18700,6.1855,15.1
Oslo - Blindern,SN18700,7.1855,20.7
Oslo - Blindern,SN18700,8.1855,15.3
Oslo - Blindern,SN18700,9.1855,11.1
Oslo - Blindern,SN18700,10.1855,5.9
Oslo - Blindern,SN18700,11.1855,-0.1
Oslo - Blindern,SN18700,12.1855,-7.1
Oslo - Blindern,SN18700,1.1856,-5
Oslo - Blindern,SN18700,2.1856,-6.6
Oslo - Blindern,SN18700,3.1856,-1.8
Oslo - Blindern,SN18700,4.1856,4.2
Oslo - Blindern,SN18700,5.1856,9.4
Oslo - Blindern,SN18700,6.1856,13.4
Oslo - Blindern,SN18700,7.1856,14.9
Oslo - Blindern,SN18700,8.1856,13
Oslo - Blindern,SN18700,9.1856,10.3
Oslo - Blindern,SN18700,10.1856,6.5
Oslo - Blindern,SN18700,11.1856,-3.9
Oslo - Blindern,SN18700,12.1856,-4.6
Oslo - Blindern,SN18700,1.1857,-6.9
Oslo - Blindern,SN18700,2.1857,-1.8
Oslo - Blindern,SN18700,3.1857,-0.7
Oslo - Blindern,SN18700,4.1857,3.3
Oslo - Blindern,SN18700,5.1857,10.5
Oslo - Blindern,SN18700,6.1857,15.2
Oslo - Blindern,SN18700,7.1857,16.1
Oslo - Blindern,SN18700,8.1857,18.6
Oslo - Blindern,SN18700,9.1857,13.5
Oslo - Blindern,SN18700,10.1857,7.9
Oslo - Blindern,SN18700,11.1857,-0.2
Oslo - Blindern,SN18700,12.1857,1.5
Oslo - Blindern,SN18700,1.1858,-0.9
Oslo - Blindern,SN18700,2.1858,-1.9
Oslo - Blindern,SN18700,3.1858,0.8
Oslo - Blindern,SN18700,4.1858,5
Oslo - Blindern,SN18700,5.1858,10.1
Oslo - Blindern,SN18700,6.1858,17.7
Oslo - Blindern,SN18700,7.1858,17.7
Oslo - Blindern,SN18700,8.1858,17.4
Oslo - Blindern,SN18700,9.1858,13.4
Oslo - Blindern,SN18700,10.1858,5.2
Oslo - Blindern,SN18700,11.1858,-2.8
Oslo - Blindern,SN18700,12.1858,-1.8
Oslo - Blindern,SN18700,1.1859,-0.8
Oslo - Blindern,SN18700,2.1859,-0.3
Oslo - Blindern,SN18700,3.1859,1.6
Oslo - Blindern,SN18700,4.1859,3.2
Oslo - Blindern,SN18700,5.1859,12.1
Oslo - Blindern,SN18700,6.1859,16.5
Oslo - Blindern,SN18700,7.1859,18.1
Oslo - Blindern,SN18700,8.1859,16.2
Oslo - Blindern,SN18700,9.1859,11.7
Oslo - Blindern,SN18700,10.1859,5
Oslo - Blindern,SN18700,11.1859,0.1
Oslo - Blindern,SN18700,12.1859,-5
Oslo - Blindern,SN18700,1.186,-4.9
Oslo - Blindern,SN18700,2.186,-6.3
Oslo - Blindern,SN18700,3.186,-2.6
Oslo - Blindern,SN18700,4.186,3.4
Oslo - Blindern,SN18700,5.186,9
Oslo - Blindern,SN18700,6.186,14.5
Oslo - Blindern,SN18700,7.186,16.6
Oslo - Blindern,SN18700,8.186,13.8
Oslo - Blindern,SN18700,9.186,10.3
Oslo - Blindern,SN18700,10.186,5
Oslo - Blindern,SN18700,11.186,-1
Oslo - Blindern,SN18700,12.186,-8.9
Oslo - Blindern,SN18700,1.1861,-8.5
Oslo - Blindern,SN18700,2.1861,-1.1
Oslo - Blindern,SN18700,3.1861,0.7
Oslo - Blindern,SN18700,4.1861,4.9
Oslo - Blindern,SN18700,5.1861,7.8
Oslo - Blindern,SN18700,6.1861,17.9
Oslo - Blindern,SN18700,7.1861,16.6
Oslo - Blindern,SN18700,8.1861,15.1
Oslo - Blindern,SN18700,9.1861,10.4
Oslo - Blindern,SN18700,10.1861,7.4
Oslo - Blindern,SN18700,11.1861,-1.1
Oslo - Blindern,SN18700,12.1861,-1.3
Oslo - Blindern,SN18700,1.1862,-5.5
Oslo - Blindern,SN18700,2.1862,-7.9
Oslo - Blindern,SN18700,3.1862,-3.9
Oslo - Blindern,SN18700,4.1862,3.3
Oslo - Blindern,SN18700,5.1862,11.9
Oslo - Blindern,SN18700,6.1862,13.8
Oslo - Blindern,SN18700,7.1862,14
Oslo - Blindern,SN18700,8.1862,14.1
Oslo - Blindern,SN18700,9.1862,11.1
Oslo - Blindern,SN18700,10.1862,6.6
Oslo - Blindern,SN18700,11.1862,2.3
Oslo - Blindern,SN18700,12.1862,-3.2
Oslo - Blindern,SN18700,1.1863,-0.1
Oslo - Blindern,SN18700,2.1863,0
Oslo - Blindern,SN18700,3.1863,0.5
Oslo - Blindern,SN18700,4.1863,5.8
Oslo - Blindern,SN18700,5.1863,8.7
Oslo - Blindern,SN18700,6.1863,14.7
Oslo - Blindern,SN18700,7.1863,15.1
Oslo - Blindern,SN18700,8.1863,15
Oslo - Blindern,SN18700,9.1863,11.2
Oslo - Blindern,SN18700,10.1863,7.7
Oslo - Blindern,SN18700,11.1863,2.8
Oslo - Blindern,SN18700,12.1863,-1.1
Oslo - Blindern,SN18700,1.1864,-5.2
Oslo - Blindern,SN18700,2.1864,-3.2
Oslo - Blindern,SN18700,3.1864,-3.9
Oslo - Blindern,SN18700,4.1864,3.5
Oslo - Blindern,SN18700,5.1864,7.9
Oslo - Blindern,SN18700,6.1864,13.6
Oslo - Blindern,SN18700,7.1864,17.1
Oslo - Blindern,SN18700,8.1864,13.2
Oslo - Blindern,SN18700,9.1864,10.9
Oslo - Blindern,SN18700,10.1864,3
Oslo - Blindern,SN18700,11.1864,-2.5
Oslo - Blindern,SN18700,12.1864,-2
Oslo - Blindern,SN18700,1.1865,-3.2
Oslo - Blindern,SN18700,2.1865,-9.6
Oslo - Blindern,SN18700,3.1865,-3.5
Oslo - Blindern,SN18700,4.1865,4.8
Oslo - Blindern,SN18700,5.1865,11.3
Oslo - Blindern,SN18700,6.1865,13.4
Oslo - Blindern,SN18700,7.1865,16.8
Oslo - Blindern,SN18700,8.1865,14.5
Oslo - Blindern,SN18700,9.1865,12.7
Oslo - Blindern,SN18700,10.1865,3.7
Oslo - Blindern,SN18700,11.1865,2.1
Oslo - Blindern,SN18700,12.1865,0
Oslo - Blindern,SN18700,1.1866,0.2
Oslo - Blindern,SN18700,2.1866,-3.1
Oslo - Blindern,SN18700,3.1866,-5.4
Oslo - Blindern,SN18700,4.1866,5.2
Oslo - Blindern,SN18700,5.1866,8.8
Oslo - Blindern,SN18700,6.1866,16.3
Oslo - Blindern,SN18700,7.1866,16.4
Oslo - Blindern,SN18700,8.1866,14.9
Oslo - Blindern,SN18700,9.1866,12.4
Oslo - Blindern,SN18700,10.1866,5.6
Oslo - Blindern,SN18700,11.1866,-2.6
Oslo - Blindern,SN18700,12.1866,-2.9
Oslo - Blindern,SN18700,1.1867,-10
Oslo - Blindern,SN18700,2.1867,-1.8
Oslo - Blindern,SN18700,3.1867,-4.2
Oslo - Blindern,SN18700,4.1867,2.3
Oslo - Blindern,SN18700,5.1867,5.8
Oslo - Blindern,SN18700,6.1867,12.8
Oslo - Blindern,SN18700,7.1867,15.8
Oslo - Blindern,SN18700,8.1867,16.4
Oslo - Blindern,SN18700,9.1867,10.9
Oslo - Blindern,SN18700,10.1867,6.3
Oslo - Blindern,SN18700,11.1867,-0.2
Oslo - Blindern,SN18700,12.1867,-8.7
Oslo - Blindern,SN18700,1.1868,-5.5
Oslo - Blindern,SN18700,2.1868,-1.4
Oslo - Blindern,SN18700,3.1868,0.9
Oslo - Blindern,SN18700,4.1868,4.6
Oslo - Blindern,SN18700,5.1868,11.6
Oslo - Blindern,SN18700,6.1868,15.2
Oslo - Blindern,SN18700,7.1868,18.9
Oslo - Blindern,SN18700,8.1868,18.2
Oslo - Blindern,SN18700,9.1868,10.5
Oslo - Blindern,SN18700,10.1868,5.2
Oslo - Blindern,SN18700,11.1868,0.3
Oslo - Blindern,SN18700,12.1868,-1.7
Oslo - Blindern,SN18700,1.1869,-3.4
Oslo - Blindern,SN18700,2.1869,-1.4
Oslo - Blindern,SN18700,3.1869,-2.5
Oslo - Blindern,SN18700,4.1869,5.5
Oslo - Blindern,SN18700,5.1869,8.3
Oslo - Blindern,SN18700,6.1869,12.9
Oslo - Blindern,SN18700,7.1869,16.7
Oslo - Blindern,SN18700,8.1869,14.3
Oslo - Blindern,SN18700,9.1869,10.8
Oslo - Blindern,SN18700,10.1869,5.3
Oslo - Blindern,SN18700,11.1869,-2.4
Oslo - Blindern,SN18700,12.1869,-4.5
Oslo - Blindern,SN18700,1.187,-4
Oslo - Blindern,SN18700,2.187,-9
Oslo - Blindern,SN18700,3.187,-1.7
Oslo - Blindern,SN18700,4.187,4.5
Oslo - Blindern,SN18700,5.187,10.2
Oslo - Blindern,SN18700,6.187,14.4
Oslo - Blindern,SN18700,7.187,17.6
Oslo - Blindern,SN18700,8.187,16.1
Oslo - Blindern,SN18700,9.187,10.2
Oslo - Blindern,SN18700,10.187,4.1
Oslo - Blindern,SN18700,11.187,0.6
Oslo - Blindern,SN18700,12.187,-7.7
Oslo - Blindern,SN18700,1.1871,-7.2
Oslo - Blindern,SN18700,2.1871,-10.1
Oslo - Blindern,SN18700,3.1871,0.8
Oslo - Blindern,SN18700,4.1871,2.3
Oslo - Blindern,SN18700,5.1871,8.7
Oslo - Blindern,SN18700,6.1871,14.1
Oslo - Blindern,SN18700,7.1871,15.8
Oslo - Blindern,SN18700,8.1871,15.7
Oslo - Blindern,SN18700,9.1871,9.6
Oslo - Blindern,SN18700,10.1871,4.8
Oslo - Blindern,SN18700,11.1871,-1.9
Oslo - Blindern,SN18700,12.1871,-4.4
Oslo - Blindern,SN18700,1.1872,-0.2
Oslo - Blindern,SN18700,2.1872,-1.8
Oslo - Blindern,SN18700,3.1872,-0.9
Oslo - Blindern,SN18700,4.1872,5.2
Oslo - Blindern,SN18700,5.1872,10.8
Oslo - Blindern,SN18700,6.1872,15.3
Oslo - Blindern,SN18700,7.1872,18.5
Oslo - Blindern,SN18700,8.1872,14.3
Oslo - Blindern,SN18700,9.1872,10.7
Oslo - Blindern,SN18700,10.1872,7.7
Oslo - Blindern,SN18700,11.1872,2.9
Oslo - Blindern,SN18700,12.1872,-4.9
Oslo - Blindern,SN18700,1.1873,0
Oslo - Blindern,SN18700,2.1873,-2.1
Oslo - Blindern,SN18700,3.1873,-1.1
Oslo - Blindern,SN18700,4.1873,4.1
Oslo - Blindern,SN18700,5.1873,7.7
Oslo - Blindern,SN18700,6.1873,15.3
Oslo - Blindern,SN18700,7.1873,17.4
Oslo - Blindern,SN18700,8.1873,14.5
Oslo - Blindern,SN18700,9.1873,11.1
Oslo - Blindern,SN18700,10.1873,4.8
Oslo - Blindern,SN18700,11.1873,0
Oslo - Blindern,SN18700,12.1873,0
Oslo - Blindern,SN18700,1.1874,1.1
Oslo - Blindern,SN18700,2.1874,0
Oslo - Blindern,SN18700,3.1874,0.9
Oslo - Blindern,SN18700,4.1874,5.2
Oslo - Blindern,SN18700,5.1874,9
Oslo - Blindern,SN18700,6.1874,14.8
Oslo - Blindern,SN18700,7.1874,16.9
Oslo - Blindern,SN18700,8.1874,13.7
Oslo - Blindern,SN18700,9.1874,11.2
Oslo - Blindern,SN18700,10.1874,8.3
Oslo - Blindern,SN18700,11.1874,0.1
Oslo - Blindern,SN18700,12.1874,-7.9
Oslo - Blindern,SN18700,1.1875,-8.5
Oslo - Blindern,SN18700,2.1875,-8
Oslo - Blindern,SN18700,3.1875,-2.8
Oslo - Blindern,SN18700,4.1875,4.3
Oslo - Blindern,SN18700,5.1875,10.8
Oslo - Blindern,SN18700,6.1875,14.7
Oslo - Blindern,SN18700,7.1875,17.3
Oslo - Blindern,SN18700,8.1875,16.6
Oslo - Blindern,SN18700,9.1875,11.7
Oslo - Blindern,SN18700,10.1875,3.6
Oslo - Blindern,SN18700,11.1875,-2.4
Oslo - Blindern,SN18700,12.1875,-3.4
Oslo - Blindern,SN18700,1.1876,-3.6
Oslo - Blindern,SN18700,2.1876,-4.5
Oslo - Blindern,SN18700,3.1876,-1.6
Oslo - Blindern,SN18700,4.1876,3.7
Oslo - Blindern,SN18700,5.1876,9.1
Oslo - Blindern,SN18700,6.1876,16.4
Oslo - Blindern,SN18700,7.1876,17.2
Oslo - Blindern,SN18700,8.1876,16.1
Oslo - Blindern,SN18700,9.1876,10.6
Oslo - Blindern,SN18700,10.1876,5
Oslo - Blindern,SN18700,11.1876,-2.1
Oslo - Blindern,SN18700,12.1876,-8.9
Oslo - Blindern,SN18700,1.1877,-6
Oslo - Blindern,SN18700,2.1877,-7.6
Oslo - Blindern,SN18700,3.1877,-4.4
Oslo - Blindern,SN18700,4.1877,1.6
Oslo - Blindern,SN18700,5.1877,7.4
Oslo - Blindern,SN18700,6.1877,14.1
Oslo - Blindern,SN18700,7.1877,15.8
Oslo - Blindern,SN18700,8.1877,13.1
Oslo - Blindern,SN18700,9.1877,8
Oslo - Blindern,SN18700,10.1877,4.6
Oslo - Blindern,SN18700,11.1877,3.5
Oslo - Blindern,SN18700,12.1877,-1.4
Oslo - Blindern,SN18700,1.1878,-5.5
Oslo - Blindern,SN18700,2.1878,-0.7
Oslo - Blindern,SN18700,3.1878,0.9
Oslo - Blindern,SN18700,4.1878,6.5
Oslo - Blindern,SN18700,5.1878,10.1
Oslo - Blindern,SN18700,6.1878,15
Oslo - Blindern,SN18700,7.1878,16.6
Oslo - Blindern,SN18700,8.1878,16.9
Oslo - Blindern,SN18700,9.1878,12.2
Oslo - Blindern,SN18700,10.1878,8.1
Oslo - Blindern,SN18700,11.1878,-0.4
Oslo - Blindern,SN18700,12.1878,-5.6
Oslo - Blindern,SN18700,1.1879,-6
Oslo - Blindern,SN18700,2.1879,-7
Oslo - Blindern,SN18700,3.1879,-2.1
Oslo - Blindern,SN18700,4.1879,3.6
Oslo - Blindern,SN18700,5.1879,9.9
Oslo - Blindern,SN18700,6.1879,14.8
Oslo - Blindern,SN18700,7.1879,16.4
Oslo - Blindern,SN18700,8.1879,16.2
Oslo - Blindern,SN18700,9.1879,11.7
Oslo - Blindern,SN18700,10.1879,5.4
Oslo - Blindern,SN18700,11.1879,-1.1
Oslo - Blindern,SN18700,12.1879,-5.9
Oslo - Blindern,SN18700,1.188,-4.7
Oslo - Blindern,SN18700,2.188,-0.6
Oslo - Blindern,SN18700,3.188,1
Oslo - Blindern,SN18700,4.188,5.3
Oslo - Blindern,SN18700,5.188,9.7
Oslo - Blindern,SN18700,6.188,15.8
Oslo - Blindern,SN18700,7.188,16
Oslo - Blindern,SN18700,8.188,18.5
Oslo - Blindern,SN18700,9.188,13.1
Oslo - Blindern,SN18700,10.188,0.5
Oslo - Blindern,SN18700,11.188,-1
Oslo - Blindern,SN18700,12.188,-5.8
Oslo - Blindern,SN18700,1.1881,-8.7
Oslo - Blindern,SN18700,2.1881,-6.9
Oslo - Blindern,SN18700,3.1881,-5.4
Oslo - Blindern,SN18700,4.1881,0.3
Oslo - Blindern,SN18700,5.1881,9.5
Oslo - Blindern,SN18700,6.1881,14.6
Oslo - Blindern,SN18700,7.1881,15.6
Oslo - Blindern,SN18700,8.1881,13.6
Oslo - Blindern,SN18700,9.1881,11.2
Oslo - Blindern,SN18700,10.1881,3.4
Oslo - Blindern,SN18700,11.1881,1.8
Oslo - Blindern,SN18700,12.1881,0.5
Oslo - Blindern,SN18700,1.1882,0
Oslo - Blindern,SN18700,2.1882,-1.2
Oslo - Blindern,SN18700,3.1882,2.2
Oslo - Blindern,SN18700,4.1882,4.2
Oslo - Blindern,SN18700,5.1882,10.5
Oslo - Blindern,SN18700,6.1882,14.7
Oslo - Blindern,SN18700,7.1882,16.3
Oslo - Blindern,SN18700,8.1882,16.1
Oslo - Blindern,SN18700,9.1882,12.6
Oslo - Blindern,SN18700,10.1882,5.7
Oslo - Blindern,SN18700,11.1882,-1.7
Oslo - Blindern,SN18700,12.1882,-5
Oslo - Blindern,SN18700,1.1883,-5.1
Oslo - Blindern,SN18700,2.1883,-1.4
Oslo - Blindern,SN18700,3.1883,-3
Oslo - Blindern,SN18700,4.1883,5.4
Oslo - Blindern,SN18700,5.1883,10.3
Oslo - Blindern,SN18700,6.1883,15.2
Oslo - Blindern,SN18700,7.1883,17.1
Oslo - Blindern,SN18700,8.1883,15
Oslo - Blindern,SN18700,9.1883,10.9
Oslo - Blindern,SN18700,10.1883,5.6
Oslo - Blindern,SN18700,11.1883,2.1
Oslo - Blindern,SN18700,12.1883,-3.1
Oslo - Blindern,SN18700,1.1884,-3.1
Oslo - Blindern,SN18700,2.1884,-1.1
Oslo - Blindern,SN18700,3.1884,0.7
Oslo - Blindern,SN18700,4.1884,4.1
Oslo - Blindern,SN18700,5.1884,8.7
Oslo - Blindern,SN18700,6.1884,14.2
Oslo - Blindern,SN18700,7.1884,16.7
Oslo - Blindern,SN18700,8.1884,16.2
Oslo - Blindern,SN18700,9.1884,13.4
Oslo - Blindern,SN18700,10.1884,7.2
Oslo - Blindern,SN18700,11.1884,-0.9
Oslo - Blindern,SN18700,12.1884,-4.2
Oslo - Blindern,SN18700,1.1885,-5.8
Oslo - Blindern,SN18700,2.1885,-1
Oslo - Blindern,SN18700,3.1885,-0.3
Oslo - Blindern,SN18700,4.1885,5.2
Oslo - Blindern,SN18700,5.1885,7.7
Oslo - Blindern,SN18700,6.1885,13.1
Oslo - Blindern,SN18700,7.1885,16.6
Oslo - Blindern,SN18700,8.1885,13.7
Oslo - Blindern,SN18700,9.1885,9.7
Oslo - Blindern,SN18700,10.1885,3.8
Oslo - Blindern,SN18700,11.1885,-0.9
Oslo - Blindern,SN18700,12.1885,-1.5
Oslo - Blindern,SN18700,1.1886,-2.9
Oslo - Blindern,SN18700,2.1886,-3.4
Oslo - Blindern,SN18700,3.1886,-2.6
Oslo - Blindern,SN18700,4.1886,3.9
Oslo - Blindern,SN18700,5.1886,9.1
Oslo - Blindern,SN18700,6.1886,14.4
Oslo - Blindern,SN18700,7.1886,16.2
Oslo - Blindern,SN18700,8.1886,14.8
Oslo - Blindern,SN18700,9.1886,11
Oslo - Blindern,SN18700,10.1886,5.6
Oslo - Blindern,SN18700,11.1886,2.5
Oslo - Blindern,SN18700,12.1886,-5.8
Oslo - Blindern,SN18700,1.1887,-1.3
Oslo - Blindern,SN18700,2.1887,-0.3
Oslo - Blindern,SN18700,3.1887,1
Oslo - Blindern,SN18700,4.1887,4.2
Oslo - Blindern,SN18700,5.1887,10.3
Oslo - Blindern,SN18700,6.1887,16.1
Oslo - Blindern,SN18700,7.1887,16.1
Oslo - Blindern,SN18700,8.1887,14.2
Oslo - Blindern,SN18700,9.1887,11.2
Oslo - Blindern,SN18700,10.1887,4.3
Oslo - Blindern,SN18700,11.1887,-1
Oslo - Blindern,SN18700,12.1887,-4
Oslo - Blindern,SN18700,1.1888,-3.4
Oslo - Blindern,SN18700,2.1888,-8.1
Oslo - Blindern,SN18700,3.1888,-6.5
Oslo - Blindern,SN18700,4.1888,1.6
Oslo - Blindern,SN18700,5.1888,8.9
Oslo - Blindern,SN18700,6.1888,15.2
Oslo - Blindern,SN18700,7.1888,15.8
Oslo - Blindern,SN18700,8.1888,13.8
Oslo - Blindern,SN18700,9.1888,11
Oslo - Blindern,SN18700,10.1888,4.4
Oslo - Blindern,SN18700,11.1888,-1.1
Oslo - Blindern,SN18700,12.1888,-0.2
Oslo - Blindern,SN18700,1.1889,-1.5
Oslo - Blindern,SN18700,2.1889,-4.9
Oslo - Blindern,SN18700,3.1889,-1.8
Oslo - Blindern,SN18700,4.1889,5.1
Oslo - Blindern,SN18700,5.1889,14.6
Oslo - Blindern,SN18700,6.1889,19.6
Oslo - Blindern,SN18700,7.1889,16.4
Oslo - Blindern,SN18700,8.1889,14.5
Oslo - Blindern,SN18700,9.1889,10
Oslo - Blindern,SN18700,10.1889,6.9
Oslo - Blindern,SN18700,11.1889,0.8
Oslo - Blindern,SN18700,12.1889,-1.4
Oslo - Blindern,SN18700,1.189,0.6
Oslo - Blindern,SN18700,2.189,-2.7
Oslo - Blindern,SN18700,3.189,1.2
Oslo - Blindern,SN18700,4.189,4.6
Oslo - Blindern,SN18700,5.189,12.9
Oslo - Blindern,SN18700,6.189,13.5
Oslo - Blindern,SN18700,7.189,14.4
Oslo - Blindern,SN18700,8.189,14.5
Oslo - Blindern,SN18700,9.189,12.3
Oslo - Blindern,SN18700,10.189,4.7
Oslo - Blindern,SN18700,11.189,0.3
Oslo - Blindern,SN18700,12.189,-5.1
Oslo - Blindern,SN18700,1.1891,-5.7
Oslo - Blindern,SN18700,2.1891,-1.4
Oslo - Blindern,SN18700,3.1891,-1.7
Oslo - Blindern,SN18700,4.1891,4.4
Oslo - Blindern,SN18700,5.1891,9.6
Oslo - Blindern,SN18700,6.1891,14.8
Oslo - Blindern,SN18700,7.1891,17.3
Oslo - Blindern,SN18700,8.1891,14.3
Oslo - Blindern,SN18700,9.1891,11.5
Oslo - Blindern,SN18700,10.1891,7.8
Oslo - Blindern,SN18700,11.1891,-1
Oslo - Blindern,SN18700,12.1891,-2.4
Oslo - Blindern,SN18700,1.1892,-6.9
Oslo - Blindern,SN18700,2.1892,-4.3
Oslo - Blindern,SN18700,3.1892,-0.3
Oslo - Blindern,SN18700,4.1892,4.3
Oslo - Blindern,SN18700,5.1892,9.2
Oslo - Blindern,SN18700,6.1892,13.8
Oslo - Blindern,SN18700,7.1892,16.4
Oslo - Blindern,SN18700,8.1892,14.2
Oslo - Blindern,SN18700,9.1892,11
Oslo - Blindern,SN18700,10.1892,5.7
Oslo - Blindern,SN18700,11.1892,1.7
Oslo - Blindern,SN18700,12.1892,-5.5
Oslo - Blindern,SN18700,1.1893,-8.1
Oslo - Blindern,SN18700,2.1893,-9.7
Oslo - Blindern,SN18700,3.1893,0.9
Oslo - Blindern,SN18700,4.1893,5.3
Oslo - Blindern,SN18700,5.1893,10.1
Oslo - Blindern,SN18700,6.1893,15.6
Oslo - Blindern,SN18700,7.1893,17.6
Oslo - Blindern,SN18700,8.1893,15.5
Oslo - Blindern,SN18700,9.1893,9.9
Oslo - Blindern,SN18700,10.1893,5.6
Oslo - Blindern,SN18700,11.1893,-1.8
Oslo - Blindern,SN18700,12.1893,-0.3
Oslo - Blindern,SN18700,1.1894,-1.8
Oslo - Blindern,SN18700,2.1894,-1.7
Oslo - Blindern,SN18700,3.1894,2.4
Oslo - Blindern,SN18700,4.1894,6.9
Oslo - Blindern,SN18700,5.1894,8.7
Oslo - Blindern,SN18700,6.1894,15.3
Oslo - Blindern,SN18700,7.1894,18.3
Oslo - Blindern,SN18700,8.1894,14.4
Oslo - Blindern,SN18700,9.1894,9.7
Oslo - Blindern,SN18700,10.1894,3.9
Oslo - Blindern,SN18700,11.1894,2.8
Oslo - Blindern,SN18700,12.1894,-1.5
Oslo - Blindern,SN18700,1.1895,-6.5
Oslo - Blindern,SN18700,2.1895,-7.3
Oslo - Blindern,SN18700,3.1895,-0.9
Oslo - Blindern,SN18700,4.1895,4.9
Oslo - Blindern,SN18700,5.1895,13.5
Oslo - Blindern,SN18700,6.1895,15.4
Oslo - Blindern,SN18700,7.1895,15.2
Oslo - Blindern,SN18700,8.1895,15
Oslo - Blindern,SN18700,9.1895,12
Oslo - Blindern,SN18700,10.1895,3.4
Oslo - Blindern,SN18700,11.1895,-0.7
Oslo - Blindern,SN18700,12.1895,-3.9
Oslo - Blindern,SN18700,1.1896,-4.6
Oslo - Blindern,SN18700,2.1896,-1
Oslo - Blindern,SN18700,3.1896,0.5
Oslo - Blindern,SN18700,4.1896,5
Oslo - Blindern,SN18700,5.1896,11.7
Oslo - Blindern,SN18700,6.1896,17.7
Oslo - Blindern,SN18700,7.1896,18.5
Oslo - Blindern,SN18700,8.1896,14.8
Oslo - Blindern,SN18700,9.1896,11.5
Oslo - Blindern,SN18700,10.1896,5.8
Oslo - Blindern,SN18700,11.1896,-1.7
Oslo - Blindern,SN18700,12.1896,-3.4
Oslo - Blindern,SN18700,1.1897,-5.5
Oslo - Blindern,SN18700,2.1897,-3.9
Oslo - Blindern,SN18700,3.1897,-1
Oslo - Blindern,SN18700,4.1897,5.3
Oslo - Blindern,SN18700,5.1897,10.6
Oslo - Blindern,SN18700,6.1897,15.6
Oslo - Blindern,SN18700,7.1897,18.9
Oslo - Blindern,SN18700,8.1897,16.9
Oslo - Blindern,SN18700,9.1897,10.9
Oslo - Blindern,SN18700,10.1897,4.7
Oslo - Blindern,SN18700,11.1897,0
Oslo - Blindern,SN18700,12.1897,-0.5
Oslo - Blindern,SN18700,1.1898,0.6
Oslo - Blindern,SN18700,2.1898,-1.9
Oslo - Blindern,SN18700,3.1898,-0.5
Oslo - Blindern,SN18700,4.1898,3.7
Oslo - Blindern,SN18700,5.1898,9.2
Oslo - Blindern,SN18700,6.1898,14.7
Oslo - Blindern,SN18700,7.1898,15.1
Oslo - Blindern,SN18700,8.1898,13.7
Oslo - Blindern,SN18700,9.1898,11.2
Oslo - Blindern,SN18700,10.1898,6.1
Oslo - Blindern,SN18700,11.1898,0.7
Oslo - Blindern,SN18700,12.1898,-1.4
Oslo - Blindern,SN18700,1.1899,-5.3
Oslo - Blindern,SN18700,2.1899,-2.5
Oslo - Blindern,SN18700,3.1899,-1.2
Oslo - Blindern,SN18700,4.1899,3.9
Oslo - Blindern,SN18700,5.1899,9.3
Oslo - Blindern,SN18700,6.1899,15
Oslo - Blindern,SN18700,7.1899,19.3
Oslo - Blindern,SN18700,8.1899,16.3
Oslo - Blindern,SN18700,9.1899,10.7
Oslo - Blindern,SN18700,10.1899,5.7
Oslo - Blindern,SN18700,11.1899,3.5
Oslo - Blindern,SN18700,12.1899,-3.6
Oslo - Blindern,SN18700,1.19,-3.5
Oslo - Blindern,SN18700,2.19,-8.3
Oslo - Blindern,SN18700,3.19,-1.4
Oslo - Blindern,SN18700,4.19,3.6
Oslo - Blindern,SN18700,5.19,8.3
Oslo - Blindern,SN18700,6.19,16.5
Oslo - Blindern,SN18700,7.19,16.4
Oslo - Blindern,SN18700,8.19,15.2
Oslo - Blindern,SN18700,9.19,11.2
Oslo - Blindern,SN18700,10.19,6
Oslo - Blindern,SN18700,11.19,0.9
Oslo - Blindern,SN18700,12.19,-2.3
Oslo - Blindern,SN18700,1.1901,-5.5
Oslo - Blindern,SN18700,2.1901,-7.5
Oslo - Blindern,SN18700,3.1901,-1.3
Oslo - Blindern,SN18700,4.1901,5.4
Oslo - Blindern,SN18700,5.1901,12.2
Oslo - Blindern,SN18700,6.1901,14.6
Oslo - Blindern,SN18700,7.1901,21.7
Oslo - Blindern,SN18700,8.1901,16.9
Oslo - Blindern,SN18700,9.1901,12.5
Oslo - Blindern,SN18700,10.1901,8.8
Oslo - Blindern,SN18700,11.1901,-2.1
Oslo - Blindern,SN18700,12.1901,-3.5
Oslo - Blindern,SN18700,1.1902,-1.3
Oslo - Blindern,SN18700,2.1902,-5.3
Oslo - Blindern,SN18700,3.1902,-0.5
Oslo - Blindern,SN18700,4.1902,3.2
Oslo - Blindern,SN18700,5.1902,7.6
Oslo - Blindern,SN18700,6.1902,15
Oslo - Blindern,SN18700,7.1902,14.3
Oslo - Blindern,SN18700,8.1902,12.5
Oslo - Blindern,SN18700,9.1902,9.3
Oslo - Blindern,SN18700,10.1902,3.8
Oslo - Blindern,SN18700,11.1902,-0.4
Oslo - Blindern,SN18700,12.1902,-6.1
Oslo - Blindern,SN18700,1.1903,-5.6
Oslo - Blindern,SN18700,2.1903,0.6
Oslo - Blindern,SN18700,3.1903,3
Oslo - Blindern,SN18700,4.1903,3.7
Oslo - Blindern,SN18700,5.1903,10.2
Oslo - Blindern,SN18700,6.1903,15.2
Oslo - Blindern,SN18700,7.1903,15.8
Oslo - Blindern,SN18700,8.1903,14.1
Oslo - Blindern,SN18700,9.1903,11.5
Oslo - Blindern,SN18700,10.1903,4.2
Oslo - Blindern,SN18700,11.1903,-0.6
Oslo - Blindern,SN18700,12.1903,-2.4
Oslo - Blindern,SN18700,1.1904,-1.4
Oslo - Blindern,SN18700,2.1904,-5
Oslo - Blindern,SN18700,3.1904,-1.4
Oslo - Blindern,SN18700,4.1904,4.2
Oslo - Blindern,SN18700,5.1904,8.3
Oslo - Blindern,SN18700,6.1904,14.8
Oslo - Blindern,SN18700,7.1904,17.2
Oslo - Blindern,SN18700,8.1904,15.4
Oslo - Blindern,SN18700,9.1904,11
Oslo - Blindern,SN18700,10.1904,6.3
Oslo - Blindern,SN18700,11.1904,-1.3
Oslo - Blindern,SN18700,12.1904,-3.3
Oslo - Blindern,SN18700,1.1905,-2.4
Oslo - Blindern,SN18700,2.1905,-0.8
Oslo - Blindern,SN18700,3.1905,1.2
Oslo - Blindern,SN18700,4.1905,3.2
Oslo - Blindern,SN18700,5.1905,10.5
Oslo - Blindern,SN18700,6.1905,16.7
Oslo - Blindern,SN18700,7.1905,17.5
Oslo - Blindern,SN18700,8.1905,13.9
Oslo - Blindern,SN18700,9.1905,10.7
Oslo - Blindern,SN18700,10.1905,2.5
Oslo - Blindern,SN18700,11.1905,-0.1
Oslo - Blindern,SN18700,12.1905,-0.8
Oslo - Blindern,SN18700,1.1906,-2.4
Oslo - Blindern,SN18700,2.1906,-1.7
Oslo - Blindern,SN18700,3.1906,-0.2
Oslo - Blindern,SN18700,4.1906,5.1
Oslo - Blindern,SN18700,5.1906,10.4
Oslo - Blindern,SN18700,6.1906,16.9
Oslo - Blindern,SN18700,7.1906,16.4
Oslo - Blindern,SN18700,8.1906,14.9
Oslo - Blindern,SN18700,9.1906,11.7
Oslo - Blindern,SN18700,10.1906,6.3
Oslo - Blindern,SN18700,11.1906,2.7
Oslo - Blindern,SN18700,12.1906,-2.4
Oslo - Blindern,SN18700,1.1907,-4.9
Oslo - Blindern,SN18700,2.1907,-2.4
Oslo - Blindern,SN18700,3.1907,0.9
Oslo - Blindern,SN18700,4.1907,4.6
Oslo - Blindern,SN18700,5.1907,8.5
Oslo - Blindern,SN18700,6.1907,13
Oslo - Blindern,SN18700,7.1907,15.2
Oslo - Blindern,SN18700,8.1907,12.9
Oslo - Blindern,SN18700,9.1907,10.4
Oslo - Blindern,SN18700,10.1907,9.4
Oslo - Blindern,SN18700,11.1907,1.9
Oslo - Blindern,SN18700,12.1907,-4.9
Oslo - Blindern,SN18700,1.1908,-3.7
Oslo - Blindern,SN18700,2.1908,0.1
Oslo - Blindern,SN18700,3.1908,-2.4
Oslo - Blindern,SN18700,4.1908,4.2
Oslo - Blindern,SN18700,5.1908,9.2
Oslo - Blindern,SN18700,6.1908,14.7
Oslo - Blindern,SN18700,7.1908,16.9
Oslo - Blindern,SN18700,8.1908,15.5
Oslo - Blindern,SN18700,9.1908,10.4
Oslo - Blindern,SN18700,10.1908,7.4
Oslo - Blindern,SN18700,11.1908,0
Oslo - Blindern,SN18700,12.1908,-1
Oslo - Blindern,SN18700,1.1909,-1.7
Oslo - Blindern,SN18700,2.1909,-5.3
Oslo - Blindern,SN18700,3.1909,-2.3
Oslo - Blindern,SN18700,4.1909,2.9
Oslo - Blindern,SN18700,5.1909,7.5
Oslo - Blindern,SN18700,6.1909,14.7
Oslo - Blindern,SN18700,7.1909,15.8
Oslo - Blindern,SN18700,8.1909,14.7
Oslo - Blindern,SN18700,9.1909,10.8
Oslo - Blindern,SN18700,10.1909,8.3
Oslo - Blindern,SN18700,11.1909,-1.3
Oslo - Blindern,SN18700,12.1909,-3.1
Oslo - Blindern,SN18700,1.191,-4.5
Oslo - Blindern,SN18700,2.191,0
Oslo - Blindern,SN18700,3.191,1.8
Oslo - Blindern,SN18700,4.191,5.2
Oslo - Blindern,SN18700,5.191,11.2
Oslo - Blindern,SN18700,6.191,15.4
Oslo - Blindern,SN18700,7.191,16.2
Oslo - Blindern,SN18700,8.191,15.3
Oslo - Blindern,SN18700,9.191,11.9
Oslo - Blindern,SN18700,10.191,5.8
Oslo - Blindern,SN18700,11.191,-0.6
Oslo - Blindern,SN18700,12.191,-1.8
Oslo - Blindern,SN18700,1.1911,-2.6
Oslo - Blindern,SN18700,2.1911,-1.2
Oslo - Blindern,SN18700,3.1911,0.8
Oslo - Blindern,SN18700,4.1911,5
Oslo - Blindern,SN18700,5.1911,12.2
Oslo - Blindern,SN18700,6.1911,14.7
Oslo - Blindern,SN18700,7.1911,17.5
Oslo - Blindern,SN18700,8.1911,16.9
Oslo - Blindern,SN18700,9.1911,12.2
Oslo - Blindern,SN18700,10.1911,3.6
Oslo - Blindern,SN18700,11.1911,0.9
Oslo - Blindern,SN18700,12.1911,0.5
Oslo - Blindern,SN18700,1.1912,-7.2
Oslo - Blindern,SN18700,2.1912,-3.9
Oslo - Blindern,SN18700,3.1912,1.9
Oslo - Blindern,SN18700,4.1912,4.3
Oslo - Blindern,SN18700,5.1912,10.1
Oslo - Blindern,SN18700,6.1912,15
Oslo - Blindern,SN18700,7.1912,18.1
Oslo - Blindern,SN18700,8.1912,14.6
Oslo - Blindern,SN18700,9.1912,9.4
Oslo - Blindern,SN18700,10.1912,4.4
Oslo - Blindern,SN18700,11.1912,0.1
Oslo - Blindern,SN18700,12.1912,-0.1
Oslo - Blindern,SN18700,1.1913,-4.3
Oslo - Blindern,SN18700,2.1913,-0.8
Oslo - Blindern,SN18700,3.1913,2
Oslo - Blindern,SN18700,4.1913,5.6
Oslo - Blindern,SN18700,5.1913,11.4
Oslo - Blindern,SN18700,6.1913,14.6
Oslo - Blindern,SN18700,7.1913,17.7
Oslo - Blindern,SN18700,8.1913,14.4
Oslo - Blindern,SN18700,9.1913,11.3
Oslo - Blindern,SN18700,10.1913,6.3
Oslo - Blindern,SN18700,11.1913,3.3
Oslo - Blindern,SN18700,12.1913,-3.6
Oslo - Blindern,SN18700,1.1914,-5.9
Oslo - Blindern,SN18700,2.1914,0.7
Oslo - Blindern,SN18700,3.1914,-0.3
Oslo - Blindern,SN18700,4.1914,6.3
Oslo - Blindern,SN18700,5.1914,9.3
Oslo - Blindern,SN18700,6.1914,15.9
Oslo - Blindern,SN18700,7.1914,21
Oslo - Blindern,SN18700,8.1914,16.4
Oslo - Blindern,SN18700,9.1914,12
Oslo - Blindern,SN18700,10.1914,5.7
Oslo - Blindern,SN18700,11.1914,0.5
Oslo - Blindern,SN18700,12.1914,0.9
Oslo - Blindern,SN18700,1.1915,-4.9
Oslo - Blindern,SN18700,2.1915,-1.9
Oslo - Blindern,SN18700,3.1915,-1.9
Oslo - Blindern,SN18700,4.1915,4.4
Oslo - Blindern,SN18700,5.1915,9.3
Oslo - Blindern,SN18700,6.1915,13.9
Oslo - Blindern,SN18700,7.1915,15.5
Oslo - Blindern,SN18700,8.1915,15
Oslo - Blindern,SN18700,9.1915,9.8
Oslo - Blindern,SN18700,10.1915,3.2
Oslo - Blindern,SN18700,11.1915,-1.8
Oslo - Blindern,SN18700,12.1915,-8.9
Oslo - Blindern,SN18700,1.1916,-1
Oslo - Blindern,SN18700,2.1916,-2.2
Oslo - Blindern,SN18700,3.1916,-1.8
Oslo - Blindern,SN18700,4.1916,4.5
Oslo - Blindern,SN18700,5.1916,10.3
Oslo - Blindern,SN18700,6.1916,12.8
Oslo - Blindern,SN18700,7.1916,17.2
Oslo - Blindern,SN18700,8.1916,15
Oslo - Blindern,SN18700,9.1916,10.3
Oslo - Blindern,SN18700,10.1916,4.3
Oslo - Blindern,SN18700,11.1916,3.1
Oslo - Blindern,SN18700,12.1916,-1.5
Oslo - Blindern,SN18700,1.1917,-11
Oslo - Blindern,SN18700,2.1917,-5.8
Oslo - Blindern,SN18700,3.1917,-3.6
Oslo - Blindern,SN18700,4.1917,2.1
Oslo - Blindern,SN18700,5.1917,10.1
Oslo - Blindern,SN18700,6.1917,16.3
Oslo - Blindern,SN18700,7.1917,16.6
Oslo - Blindern,SN18700,8.1917,17.3
Oslo - Blindern,SN18700,9.1917,12.3
Oslo - Blindern,SN18700,10.1917,6.2
Oslo - Blindern,SN18700,11.1917,0.7
Oslo - Blindern,SN18700,12.1917,-4.3
Oslo - Blindern,SN18700,1.1918,-6.5
Oslo - Blindern,SN18700,2.1918,-1.7
Oslo - Blindern,SN18700,3.1918,-0.4
Oslo - Blindern,SN18700,4.1918,5.5
Oslo - Blindern,SN18700,5.1918,12.2
Oslo - Blindern,SN18700,6.1918,13.6
Oslo - Blindern,SN18700,7.1918,16.8
Oslo - Blindern,SN18700,8.1918,15.5
Oslo - Blindern,SN18700,9.1918,9.4
Oslo - Blindern,SN18700,10.1918,7.9
Oslo - Blindern,SN18700,11.1918,1.9
Oslo - Blindern,SN18700,12.1918,-2.4
Oslo - Blindern,SN18700,1.1919,-1.7
Oslo - Blindern,SN18700,2.1919,-6.2
Oslo - Blindern,SN18700,3.1919,-0.9
Oslo - Blindern,SN18700,4.1919,3.9
Oslo - Blindern,SN18700,5.1919,12.8
Oslo - Blindern,SN18700,6.1919,13.9
Oslo - Blindern,SN18700,7.1919,18.9
Oslo - Blindern,SN18700,8.1919,13.9
Oslo - Blindern,SN18700,9.1919,11.8
Oslo - Blindern,SN18700,10.1919,5
Oslo - Blindern,SN18700,11.1919,-2.7
Oslo - Blindern,SN18700,12.1919,-5.5
Oslo - Blindern,SN18700,1.192,-5
Oslo - Blindern,SN18700,2.192,0.4
Oslo - Blindern,SN18700,3.192,3
Oslo - Blindern,SN18700,4.192,5
Oslo - Blindern,SN18700,5.192,10.7
Oslo - Blindern,SN18700,6.192,15.6
Oslo - Blindern,SN18700,7.192,16
Oslo - Blindern,SN18700,8.192,14
Oslo - Blindern,SN18700,9.192,11.3
Oslo - Blindern,SN18700,10.192,3.8
Oslo - Blindern,SN18700,11.192,1.8
Oslo - Blindern,SN18700,12.192,-2.3
Oslo - Blindern,SN18700,1.1921,-1.9
Oslo - Blindern,SN18700,2.1921,-2.5
Oslo - Blindern,SN18700,3.1921,3.2
Oslo - Blindern,SN18700,4.1921,8.2
Oslo - Blindern,SN18700,5.1921,10.9
Oslo - Blindern,SN18700,6.1921,14.2
Oslo - Blindern,SN18700,7.1921,17.1
Oslo - Blindern,SN18700,8.1921,14
Oslo - Blindern,SN18700,9.1921,10.5
Oslo - Blindern,SN18700,10.1921,7.1
Oslo - Blindern,SN18700,11.1921,-1.1
Oslo - Blindern,SN18700,12.1921,-1.5
Oslo - Blindern,SN18700,1.1922,-5.5
Oslo - Blindern,SN18700,2.1922,-3.5
Oslo - Blindern,SN18700,3.1922,-0.6
Oslo - Blindern,SN18700,4.1922,3
Oslo - Blindern,SN18700,5.1922,9.6
Oslo - Blindern,SN18700,6.1922,14.3
Oslo - Blindern,SN18700,7.1922,15.8
Oslo - Blindern,SN18700,8.1922,14.1
Oslo - Blindern,SN18700,9.1922,10.2
Oslo - Blindern,SN18700,10.1922,3.9
Oslo - Blindern,SN18700,11.1922,0.4
Oslo - Blindern,SN18700,12.1922,-0.9
Oslo - Blindern,SN18700,1.1923,0.3
Oslo - Blindern,SN18700,2.1923,-5.1
Oslo - Blindern,SN18700,3.1923,-0.1
Oslo - Blindern,SN18700,4.1923,3.6
Oslo - Blindern,SN18700,5.1923,8
Oslo - Blindern,SN18700,6.1923,11.7
Oslo - Blindern,SN18700,7.1923,16.9
Oslo - Blindern,SN18700,8.1923,13.8
Oslo - Blindern,SN18700,9.1923,10.5
Oslo - Blindern,SN18700,10.1923,5.9
Oslo - Blindern,SN18700,11.1923,-1.8
Oslo - Blindern,SN18700,12.1923,-4.8
Oslo - Blindern,SN18700,1.1924,-3.8
Oslo - Blindern,SN18700,2.1924,-5.1
Oslo - Blindern,SN18700,3.1924,-3.2
Oslo - Blindern,SN18700,4.1924,2.8
Oslo - Blindern,SN18700,5.1924,8.5
Oslo - Blindern,SN18700,6.1924,13.6
Oslo - Blindern,SN18700,7.1924,15.6
Oslo - Blindern,SN18700,8.1924,15.1
Oslo - Blindern,SN18700,9.1924,12.2
Oslo - Blindern,SN18700,10.1924,7.2
Oslo - Blindern,SN18700,11.1924,1.2
Oslo - Blindern,SN18700,12.1924,2.2
Oslo - Blindern,SN18700,1.1925,-0.4
Oslo - Blindern,SN18700,2.1925,0.4
Oslo - Blindern,SN18700,3.1925,-1.2
Oslo - Blindern,SN18700,4.1925,5.4
Oslo - Blindern,SN18700,5.1925,9.9
Oslo - Blindern,SN18700,6.1925,15.5
Oslo - Blindern,SN18700,7.1925,19.6
Oslo - Blindern,SN18700,8.1925,16.1
Oslo - Blindern,SN18700,9.1925,10.9
Oslo - Blindern,SN18700,10.1925,5.1
Oslo - Blindern,SN18700,11.1925,-3.5
Oslo - Blindern,SN18700,12.1925,-7.4
Oslo - Blindern,SN18700,1.1926,-3.1
Oslo - Blindern,SN18700,2.1926,-4.6
Oslo - Blindern,SN18700,3.1926,0.9
Oslo - Blindern,SN18700,4.1926,5.9
Oslo - Blindern,SN18700,5.1926,9.7
Oslo - Blindern,SN18700,6.1926,14.4
Oslo - Blindern,SN18700,7.1926,18.4
Oslo - Blindern,SN18700,8.1926,15.9
Oslo - Blindern,SN18700,9.1926,11.3
Oslo - Blindern,SN18700,10.1926,2.6
Oslo - Blindern,SN18700,11.1926,2
Oslo - Blindern,SN18700,12.1926,-4.2
Oslo - Blindern,SN18700,1.1927,-0.8
Oslo - Blindern,SN18700,2.1927,-2.8
Oslo - Blindern,SN18700,3.1927,1.7
Oslo - Blindern,SN18700,4.1927,3.7
Oslo - Blindern,SN18700,5.1927,7.1
Oslo - Blindern,SN18700,6.1927,11.4
Oslo - Blindern,SN18700,7.1927,18.2
Oslo - Blindern,SN18700,8.1927,16.4
Oslo - Blindern,SN18700,9.1927,10.5
Oslo - Blindern,SN18700,10.1927,5
Oslo - Blindern,SN18700,11.1927,-1.8
Oslo - Blindern,SN18700,12.1927,-8
Oslo - Blindern,SN18700,1.1928,-3
Oslo - Blindern,SN18700,2.1928,-2.6
Oslo - Blindern,SN18700,3.1928,-1.3
Oslo - Blindern,SN18700,4.1928,4.1
Oslo - Blindern,SN18700,5.1928,9.6
Oslo - Blindern,SN18700,6.1928,12.1
Oslo - Blindern,SN18700,7.1928,14.3
Oslo - Blindern,SN18700,8.1928,14.3
Oslo - Blindern,SN18700,9.1928,10.5
Oslo - Blindern,SN18700,10.1928,5.6
Oslo - Blindern,SN18700,11.1928,0.9
Oslo - Blindern,SN18700,12.1928,-2.3
Oslo - Blindern,SN18700,1.1929,-5.6
Oslo - Blindern,SN18700,2.1929,-7.4
Oslo - Blindern,SN18700,3.1929,1.7
Oslo - Blindern,SN18700,4.1929,2.4
Oslo - Blindern,SN18700,5.1929,9.3
Oslo - Blindern,SN18700,6.1929,12.7
Oslo - Blindern,SN18700,7.1929,16
Oslo - Blindern,SN18700,8.1929,13.6
Oslo - Blindern,SN18700,9.1929,11.8
Oslo - Blindern,SN18700,10.1929,6.4
Oslo - Blindern,SN18700,11.1929,3.2
Oslo - Blindern,SN18700,12.1929,1.4
Oslo - Blindern,SN18700,1.193,1.2
Oslo - Blindern,SN18700,2.193,-2.5
Oslo - Blindern,SN18700,3.193,0.2
Oslo - Blindern,SN18700,4.193,6.4
Oslo - Blindern,SN18700,5.193,11
Oslo - Blindern,SN18700,6.193,14.8
Oslo - Blindern,SN18700,7.193,17.3
Oslo - Blindern,SN18700,8.193,15.9
Oslo - Blindern,SN18700,9.193,10.5
Oslo - Blindern,SN18700,10.193,6.7
Oslo - Blindern,SN18700,11.193,1.5
Oslo - Blindern,SN18700,12.193,-0.2
Oslo - Blindern,SN18700,1.1931,-5.3
Oslo - Blindern,SN18700,2.1931,-2.6
Oslo - Blindern,SN18700,3.1931,-3
Oslo - Blindern,SN18700,4.1931,3.4
Oslo - Blindern,SN18700,5.1931,10.3
Oslo - Blindern,SN18700,6.1931,13.1
Oslo - Blindern,SN18700,7.1931,16.6
Oslo - Blindern,SN18700,8.1931,14.1
Oslo - Blindern,SN18700,9.1931,9.1
Oslo - Blindern,SN18700,10.1931,5.7
Oslo - Blindern,SN18700,11.1931,3.7
Oslo - Blindern,SN18700,12.1931,-2.4
Oslo - Blindern,SN18700,1.1932,0.7
Oslo - Blindern,SN18700,2.1932,-0.3
Oslo - Blindern,SN18700,3.1932,-1
Oslo - Blindern,SN18700,4.1932,4.6
Oslo - Blindern,SN18700,5.1932,10.8
Oslo - Blindern,SN18700,6.1932,14.9
Oslo - Blindern,SN18700,7.1932,17.1
Oslo - Blindern,SN18700,8.1932,16.5
Oslo - Blindern,SN18700,9.1932,10.9
Oslo - Blindern,SN18700,10.1932,4.1
Oslo - Blindern,SN18700,11.1932,0.3
Oslo - Blindern,SN18700,12.1932,0.8
Oslo - Blindern,SN18700,1.1933,-2.3
Oslo - Blindern,SN18700,2.1933,-2.3
Oslo - Blindern,SN18700,3.1933,0.4
Oslo - Blindern,SN18700,4.1933,4.7
Oslo - Blindern,SN18700,5.1933,10.2
Oslo - Blindern,SN18700,6.1933,18
Oslo - Blindern,SN18700,7.1933,19
Oslo - Blindern,SN18700,8.1933,16.2
Oslo - Blindern,SN18700,9.1933,12.8
Oslo - Blindern,SN18700,10.1933,6.9
Oslo - Blindern,SN18700,11.1933,0.2
Oslo - Blindern,SN18700,12.1933,-4
Oslo - Blindern,SN18700,1.1934,0
Oslo - Blindern,SN18700,2.1934,0.5
Oslo - Blindern,SN18700,3.1934,0.4
Oslo - Blindern,SN18700,4.1934,4.8
Oslo - Blindern,SN18700,5.1934,10.7
Oslo - Blindern,SN18700,6.1934,15.5
Oslo - Blindern,SN18700,7.1934,18
Oslo - Blindern,SN18700,8.1934,16.4
Oslo - Blindern,SN18700,9.1934,12.9
Oslo - Blindern,SN18700,10.1934,7.4
Oslo - Blindern,SN18700,11.1934,1
Oslo - Blindern,SN18700,12.1934,1.6
Oslo - Blindern,SN18700,1.1935,-3.2
Oslo - Blindern,SN18700,2.1935,-1
Oslo - Blindern,SN18700,3.1935,0
Oslo - Blindern,SN18700,4.1935,5.1
Oslo - Blindern,SN18700,5.1935,9.8
Oslo - Blindern,SN18700,6.1935,14.9
Oslo - Blindern,SN18700,7.1935,18.2
Oslo - Blindern,SN18700,8.1935,17
Oslo - Blindern,SN18700,9.1935,11
Oslo - Blindern,SN18700,10.1935,6.3
Oslo - Blindern,SN18700,11.1935,3.6
Oslo - Blindern,SN18700,12.1935,-2.1
Oslo - Blindern,SN18700,1.1936,-2.6
Oslo - Blindern,SN18700,2.1936,-4.6
Oslo - Blindern,SN18700,3.1936,0.4
Oslo - Blindern,SN18700,4.1936,3.8
Oslo - Blindern,SN18700,5.1936,11.9
Oslo - Blindern,SN18700,6.1936,17.3
Oslo - Blindern,SN18700,7.1936,17.1
Oslo - Blindern,SN18700,8.1936,16.6
Oslo - Blindern,SN18700,9.1936,10.2
Oslo - Blindern,SN18700,10.1936,4.6
Oslo - Blindern,SN18700,11.1936,1.9
Oslo - Blindern,SN18700,12.1936,1.3
Oslo - Blindern,SN18700,1.1937,-2
Oslo - Blindern,SN18700,2.1937,-4.3
Oslo - Blindern,SN18700,3.1937,-2.3
Oslo - Blindern,SN18700,4.1937,5.9
Oslo - Blindern,SN18700,5.1937,11.9
Oslo - Blindern,SN18700,6.1937,13.6
Oslo - Blindern,SN18700,7.1937,18.8
Oslo - Blindern,SN18700,8.1937,18.7
Oslo - Blindern,SN18700,9.1937,11.5
Oslo - Blindern,SN18700,10.1937,8.2
Oslo - Blindern,SN18700,11.1937,-0.1
Oslo - Blindern,SN18700,12.1937,-5.5
Oslo - Blindern,SN18700,1.1938,-2.8
Oslo - Blindern,SN18700,2.1938,-0.4
Oslo - Blindern,SN18700,3.1938,4.3
Oslo - Blindern,SN18700,4.1938,5.8
Oslo - Blindern,SN18700,5.1938,9.3
Oslo - Blindern,SN18700,6.1938,13.3
Oslo - Blindern,SN18700,7.1938,16.7
Oslo - Blindern,SN18700,8.1938,17.7
Oslo - Blindern,SN18700,9.1938,13.1
Oslo - Blindern,SN18700,10.1938,7.3
Oslo - Blindern,SN18700,11.1938,3.8
Oslo - Blindern,SN18700,12.1938,-1.8
Oslo - Blindern,SN18700,1.1939,-3.6
Oslo - Blindern,SN18700,2.1939,-0.2
Oslo - Blindern,SN18700,3.1939,0.5
Oslo - Blindern,SN18700,4.1939,5.3
Oslo - Blindern,SN18700,5.1939,10.7
Oslo - Blindern,SN18700,6.1939,15.4
Oslo - Blindern,SN18700,7.1939,16.3
Oslo - Blindern,SN18700,8.1939,18.1
Oslo - Blindern,SN18700,9.1939,12.8
Oslo - Blindern,SN18700,10.1939,3.4
Oslo - Blindern,SN18700,11.1939,2.1
Oslo - Blindern,SN18700,12.1939,-5.6
Oslo - Blindern,SN18700,1.194,-7.7
Oslo - Blindern,SN18700,2.194,-8.5
Oslo - Blindern,SN18700,3.194,-2.7
Oslo - Blindern,SN18700,4.194,3.3
Oslo - Blindern,SN18700,5.194,12.3
Oslo - Blindern,SN18700,6.194,17.4
Oslo - Blindern,SN18700,7.194,16.5
Oslo - Blindern,SN18700,8.194,14.3
Oslo - Blindern,SN18700,9.194,10
Oslo - Blindern,SN18700,10.194,5
Oslo - Blindern,SN18700,11.194,1.2
Oslo - Blindern,SN18700,12.194,-3.9
Oslo - Blindern,SN18700,1.1941,-12.7
Oslo - Blindern,SN18700,2.1941,-7.4
Oslo - Blindern,SN18700,3.1941,-1.7
Oslo - Blindern,SN18700,4.1941,3.3
Oslo - Blindern,SN18700,5.1941,9.6
Oslo - Blindern,SN18700,6.1941,16.1
Oslo - Blindern,SN18700,7.1941,19.4
Oslo - Blindern,SN18700,8.1941,14.6
Oslo - Blindern,SN18700,9.1941,11.5
Oslo - Blindern,SN18700,10.1941,4.9
Oslo - Blindern,SN18700,11.1941,0.5
Oslo - Blindern,SN18700,12.1941,-4.1
Oslo - Blindern,SN18700,1.1942,-11.9
Oslo - Blindern,SN18700,2.1942,-8.3
Oslo - Blindern,SN18700,3.1942,-5.2
Oslo - Blindern,SN18700,4.1942,5.4
Oslo - Blindern,SN18700,5.1942,9.6
Oslo - Blindern,SN18700,6.1942,13.1
Oslo - Blindern,SN18700,7.1942,16.6
Oslo - Blindern,SN18700,8.1942,15.4
Oslo - Blindern,SN18700,9.1942,11
Oslo - Blindern,SN18700,10.1942,6.6
Oslo - Blindern,SN18700,11.1942,1.8
Oslo - Blindern,SN18700,12.1942,-0.9
Oslo - Blindern,SN18700,1.1943,-5.3
Oslo - Blindern,SN18700,2.1943,1.1
Oslo - Blindern,SN18700,3.1943,3.6
Oslo - Blindern,SN18700,4.1943,6.7
Oslo - Blindern,SN18700,5.1943,11
Oslo - Blindern,SN18700,6.1943,15.5
Oslo - Blindern,SN18700,7.1943,17.1
Oslo - Blindern,SN18700,8.1943,14.5
Oslo - Blindern,SN18700,9.1943,11.4
Oslo - Blindern,SN18700,10.1943,8.2
Oslo - Blindern,SN18700,11.1943,1.5
Oslo - Blindern,SN18700,12.1943,-3.2
Oslo - Blindern,SN18700,1.1944,-1.9
Oslo - Blindern,SN18700,2.1944,-1.4
Oslo - Blindern,SN18700,3.1944,0
Oslo - Blindern,SN18700,4.1944,4
Oslo - Blindern,SN18700,5.1944,8.8
Oslo - Blindern,SN18700,6.1944,12.8
Oslo - Blindern,SN18700,7.1944,18
Oslo - Blindern,SN18700,8.1944,17.4
Oslo - Blindern,SN18700,9.1944,11
Oslo - Blindern,SN18700,10.1944,7.4
Oslo - Blindern,SN18700,11.1944,0.8
Oslo - Blindern,SN18700,12.1944,-0.1
Oslo - Blindern,SN18700,1.1945,-5.1
Oslo - Blindern,SN18700,2.1945,-1.2
Oslo - Blindern,SN18700,3.1945,3
Oslo - Blindern,SN18700,4.1945,6.6
Oslo - Blindern,SN18700,5.1945,10.2
Oslo - Blindern,SN18700,6.1945,14.7
Oslo - Blindern,SN18700,7.1945,18.9
Oslo - Blindern,SN18700,8.1945,18.7
Oslo - Blindern,SN18700,9.1945,11.6
Oslo - Blindern,SN18700,10.1945,6.7
Oslo - Blindern,SN18700,11.1945,-0.4
Oslo - Blindern,SN18700,12.1945,-2
Oslo - Blindern,SN18700,1.1946,-4.1
Oslo - Blindern,SN18700,2.1946,-3.3
Oslo - Blindern,SN18700,3.1946,-0.8
Oslo - Blindern,SN18700,4.1946,6.9
Oslo - Blindern,SN18700,5.1946,11.8
Oslo - Blindern,SN18700,6.1946,13.6
Oslo - Blindern,SN18700,7.1946,17.8
Oslo - Blindern,SN18700,8.1946,15.4
Oslo - Blindern,SN18700,9.1946,12
Oslo - Blindern,SN18700,10.1946,4.5
Oslo - Blindern,SN18700,11.1946,2.8
Oslo - Blindern,SN18700,12.1946,-1.1
Oslo - Blindern,SN18700,1.1947,-3.5
Oslo - Blindern,SN18700,2.1947,-12.7
Oslo - Blindern,SN18700,3.1947,-3.9
Oslo - Blindern,SN18700,4.1947,4.3
Oslo - Blindern,SN18700,5.1947,14.4
Oslo - Blindern,SN18700,6.1947,17.2
Oslo - Blindern,SN18700,7.1947,18.8
Oslo - Blindern,SN18700,8.1947,20.7
Oslo - Blindern,SN18700,9.1947,14.1
Oslo - Blindern,SN18700,10.1947,6.1
Oslo - Blindern,SN18700,11.1947,-2.3
Oslo - Blindern,SN18700,12.1947,-3
Oslo - Blindern,SN18700,1.1948,-6.8
Oslo - Blindern,SN18700,2.1948,-3.7
Oslo - Blindern,SN18700,3.1948,1.7
Oslo - Blindern,SN18700,4.1948,7
Oslo - Blindern,SN18700,5.1948,11.8
Oslo - Blindern,SN18700,6.1948,14.5
Oslo - Blindern,SN18700,7.1948,17.8
Oslo - Blindern,SN18700,8.1948,15.2
Oslo - Blindern,SN18700,9.1948,11.8
Oslo - Blindern,SN18700,10.1948,5
Oslo - Blindern,SN18700,11.1948,0.6
Oslo - Blindern,SN18700,12.1948,0.9
Oslo - Blindern,SN18700,1.1949,-0.1
Oslo - Blindern,SN18700,2.1949,0.7
Oslo - Blindern,SN18700,3.1949,0.1
Oslo - Blindern,SN18700,4.1949,6
Oslo - Blindern,SN18700,5.1949,11.4
Oslo - Blindern,SN18700,6.1949,15
Oslo - Blindern,SN18700,7.1949,18.5
Oslo - Blindern,SN18700,8.1949,15.3
Oslo - Blindern,SN18700,9.1949,14.2
Oslo - Blindern,SN18700,10.1949,6.8
Oslo - Blindern,SN18700,11.1949,2.5
Oslo - Blindern,SN18700,12.1949,-1.8
Oslo - Blindern,SN18700,1.195,-5.2
Oslo - Blindern,SN18700,2.195,-2
Oslo - Blindern,SN18700,3.195,1.6
Oslo - Blindern,SN18700,4.195,5.8
Oslo - Blindern,SN18700,5.195,11.9
Oslo - Blindern,SN18700,6.195,14.6
Oslo - Blindern,SN18700,7.195,16.1
Oslo - Blindern,SN18700,8.195,16.3
Oslo - Blindern,SN18700,9.195,11
Oslo - Blindern,SN18700,10.195,6.6
Oslo - Blindern,SN18700,11.195,-0.7
Oslo - Blindern,SN18700,12.195,-4.2
Oslo - Blindern,SN18700,1.1951,-5
Oslo - Blindern,SN18700,2.1951,-1.9
Oslo - Blindern,SN18700,3.1951,-2.9
Oslo - Blindern,SN18700,4.1951,3.5
Oslo - Blindern,SN18700,5.1951,9.6
Oslo - Blindern,SN18700,6.1951,14.4
Oslo - Blindern,SN18700,7.1951,15.6
Oslo - Blindern,SN18700,8.1951,15.7
Oslo - Blindern,SN18700,9.1951,12.4
Oslo - Blindern,SN18700,10.1951,6.8
Oslo - Blindern,SN18700,11.1951,2.6
Oslo - Blindern,SN18700,12.1951,1.2
Oslo - Blindern,SN18700,1.1952,-3.8
Oslo - Blindern,SN18700,2.1952,-2.2
Oslo - Blindern,SN18700,3.1952,-2
Oslo - Blindern,SN18700,4.1952,6.5
Oslo - Blindern,SN18700,5.1952,10.6
Oslo - Blindern,SN18700,6.1952,12.7
Oslo - Blindern,SN18700,7.1952,16.5
Oslo - Blindern,SN18700,8.1952,14.5
Oslo - Blindern,SN18700,9.1952,8.8
Oslo - Blindern,SN18700,10.1952,4.2
Oslo - Blindern,SN18700,11.1952,-1.8
Oslo - Blindern,SN18700,12.1952,-3.3
Oslo - Blindern,SN18700,1.1953,-4.5
Oslo - Blindern,SN18700,2.1953,-4.8
Oslo - Blindern,SN18700,3.1953,2.6
Oslo - Blindern,SN18700,4.1953,5.4
Oslo - Blindern,SN18700,5.1953,10.6
Oslo - Blindern,SN18700,6.1953,18.1
Oslo - Blindern,SN18700,7.1953,16.6
Oslo - Blindern,SN18700,8.1953,15.1
Oslo - Blindern,SN18700,9.1953,10.8
Oslo - Blindern,SN18700,10.1953,8.9
Oslo - Blindern,SN18700,11.1953,3.8
Oslo - Blindern,SN18700,12.1953,0.7
Oslo - Blindern,SN18700,1.1954,-5.5
Oslo - Blindern,SN18700,2.1954,-7.3
Oslo - Blindern,SN18700,3.1954,-0.2
Oslo - Blindern,SN18700,4.1954,3.9
Oslo - Blindern,SN18700,5.1954,12
Oslo - Blindern,SN18700,6.1954,14.1
Oslo - Blindern,SN18700,7.1954,15.7
Oslo - Blindern,SN18700,8.1954,15.4
Oslo - Blindern,SN18700,9.1954,10.9
Oslo - Blindern,SN18700,10.1954,5.6
Oslo - Blindern,SN18700,11.1954,1.4
Oslo - Blindern,SN18700,12.1954,0.4
Oslo - Blindern,SN18700,1.1955,-4.2
Oslo - Blindern,SN18700,2.1955,-5.7
Oslo - Blindern,SN18700,3.1955,-1.4
Oslo - Blindern,SN18700,4.1955,3.3
Oslo - Blindern,SN18700,5.1955,8.1
Oslo - Blindern,SN18700,6.1955,14.1
Oslo - Blindern,SN18700,7.1955,21.5
Oslo - Blindern,SN18700,8.1955,19.3
Oslo - Blindern,SN18700,9.1955,12.8
Oslo - Blindern,SN18700,10.1955,5.8
Oslo - Blindern,SN18700,11.1955,1.3
Oslo - Blindern,SN18700,12.1955,-5
Oslo - Blindern,SN18700,1.1956,-6.7
Oslo - Blindern,SN18700,2.1956,-7.6
Oslo - Blindern,SN18700,3.1956,-1
Oslo - Blindern,SN18700,4.1956,4.4
Oslo - Blindern,SN18700,5.1956,11.1
Oslo - Blindern,SN18700,6.1956,13.9
Oslo - Blindern,SN18700,7.1956,17
Oslo - Blindern,SN18700,8.1956,13.4
Oslo - Blindern,SN18700,9.1956,11
Oslo - Blindern,SN18700,10.1956,5.9
Oslo - Blindern,SN18700,11.1956,-1.1
Oslo - Blindern,SN18700,12.1956,-0.6
Oslo - Blindern,SN18700,1.1957,-1.8
Oslo - Blindern,SN18700,2.1957,-2.7
Oslo - Blindern,SN18700,3.1957,-0.6
Oslo - Blindern,SN18700,4.1957,4.9
Oslo - Blindern,SN18700,5.1957,9
Oslo - Blindern,SN18700,6.1957,13.8
Oslo - Blindern,SN18700,7.1957,17.4
Oslo - Blindern,SN18700,8.1957,15.4
Oslo - Blindern,SN18700,9.1957,9.8
Oslo - Blindern,SN18700,10.1957,6.3
Oslo - Blindern,SN18700,11.1957,1
Oslo - Blindern,SN18700,12.1957,-1.8
Oslo - Blindern,SN18700,1.1958,-4.4
Oslo - Blindern,SN18700,2.1958,-7.3
Oslo - Blindern,SN18700,3.1958,-3.4
Oslo - Blindern,SN18700,4.1958,3.1
Oslo - Blindern,SN18700,5.1958,8.8
Oslo - Blindern,SN18700,6.1958,14.9
Oslo - Blindern,SN18700,7.1958,17.1
Oslo - Blindern,SN18700,8.1958,15
Oslo - Blindern,SN18700,9.1958,12.6
Oslo - Blindern,SN18700,10.1958,8.1
Oslo - Blindern,SN18700,11.1958,1.9
Oslo - Blindern,SN18700,12.1958,-3.6
Oslo - Blindern,SN18700,1.1959,-6.4
Oslo - Blindern,SN18700,2.1959,-2.7
Oslo - Blindern,SN18700,3.1959,1.4
Oslo - Blindern,SN18700,4.1959,5.5
Oslo - Blindern,SN18700,5.1959,11.9
Oslo - Blindern,SN18700,6.1959,15.7
Oslo - Blindern,SN18700,7.1959,18.7
Oslo - Blindern,SN18700,8.1959,18
Oslo - Blindern,SN18700,9.1959,12.6
Oslo - Blindern,SN18700,10.1959,6.3
Oslo - Blindern,SN18700,11.1959,3.1
Oslo - Blindern,SN18700,12.1959,-0.9
Oslo - Blindern,SN18700,1.196,-3.8
Oslo - Blindern,SN18700,2.196,-6.3
Oslo - Blindern,SN18700,3.196,1.2
Oslo - Blindern,SN18700,4.196,5.3
Oslo - Blindern,SN18700,5.196,12.3
Oslo - Blindern,SN18700,6.196,16.2
Oslo - Blindern,SN18700,7.196,15.2
Oslo - Blindern,SN18700,8.196,15.1
Oslo - Blindern,SN18700,9.196,11.3
Oslo - Blindern,SN18700,10.196,4.2
Oslo - Blindern,SN18700,11.196,0.8
Oslo - Blindern,SN18700,12.196,-1.3
Oslo - Blindern,SN18700,1.1961,-4.6
Oslo - Blindern,SN18700,2.1961,-1.3
Oslo - Blindern,SN18700,3.1961,3.3
Oslo - Blindern,SN18700,4.1961,5.9
Oslo - Blindern,SN18700,5.1961,10.6
Oslo - Blindern,SN18700,6.1961,15.7
Oslo - Blindern,SN18700,7.1961,16.5
Oslo - Blindern,SN18700,8.1961,14.3
Oslo - Blindern,SN18700,9.1961,12.5
Oslo - Blindern,SN18700,10.1961,9.7
Oslo - Blindern,SN18700,11.1961,2
Oslo - Blindern,SN18700,12.1961,-5.4
Oslo - Blindern,SN18700,1.1962,-2.3
Oslo - Blindern,SN18700,2.1962,-0.8
Oslo - Blindern,SN18700,3.1962,-3.9
Oslo - Blindern,SN18700,4.1962,4.8
Oslo - Blindern,SN18700,5.1962,8.3
Oslo - Blindern,SN18700,6.1962,13.4
Oslo - Blindern,SN18700,7.1962,14.9
Oslo - Blindern,SN18700,8.1962,13.3
Oslo - Blindern,SN18700,9.1962,10.4
Oslo - Blindern,SN18700,10.1962,7.1
Oslo - Blindern,SN18700,11.1962,-0.1
Oslo - Blindern,SN18700,12.1962,-6.2
Oslo - Blindern,SN18700,1.1963,-8.4
Oslo - Blindern,SN18700,2.1963,-8.2
Oslo - Blindern,SN18700,3.1963,-3.2
Oslo - Blindern,SN18700,4.1963,4
Oslo - Blindern,SN18700,5.1963,10.7
Oslo - Blindern,SN18700,6.1963,16.2
Oslo - Blindern,SN18700,7.1963,16.4
Oslo - Blindern,SN18700,8.1963,15.2
Oslo - Blindern,SN18700,9.1963,11
Oslo - Blindern,SN18700,10.1963,7
Oslo - Blindern,SN18700,11.1963,1.3
Oslo - Blindern,SN18700,12.1963,-3.8
Oslo - Blindern,SN18700,1.1964,-2.4
Oslo - Blindern,SN18700,2.1964,-3.1
Oslo - Blindern,SN18700,3.1964,-0.2
Oslo - Blindern,SN18700,4.1964,5.8
Oslo - Blindern,SN18700,5.1964,11.3
Oslo - Blindern,SN18700,6.1964,13.3
Oslo - Blindern,SN18700,7.1964,14.5
Oslo - Blindern,SN18700,8.1964,14.9
Oslo - Blindern,SN18700,9.1964,10.7
Oslo - Blindern,SN18700,10.1964,5.6
Oslo - Blindern,SN18700,11.1964,1.2
Oslo - Blindern,SN18700,12.1964,-2.9
Oslo - Blindern,SN18700,1.1965,-2.7
Oslo - Blindern,SN18700,2.1965,-1.8
Oslo - Blindern,SN18700,3.1965,-0.6
Oslo - Blindern,SN18700,4.1965,4.7
Oslo - Blindern,SN18700,5.1965,9.2
Oslo - Blindern,SN18700,6.1965,14.3
Oslo - Blindern,SN18700,7.1965,14.5
Oslo - Blindern,SN18700,8.1965,14.1
Oslo - Blindern,SN18700,9.1965,11.8
Oslo - Blindern,SN18700,10.1965,7
Oslo - Blindern,SN18700,11.1965,-2.7
Oslo - Blindern,SN18700,12.1965,-7.1
Oslo - Blindern,SN18700,1.1966,-8
Oslo - Blindern,SN18700,2.1966,-9.8
Oslo - Blindern,SN18700,3.1966,-0.1
Oslo - Blindern,SN18700,4.1966,1.4
Oslo - Blindern,SN18700,5.1966,9.6
Oslo - Blindern,SN18700,6.1966,17.1
Oslo - Blindern,SN18700,7.1966,17
Oslo - Blindern,SN18700,8.1966,14.9
Oslo - Blindern,SN18700,9.1966,11
Oslo - Blindern,SN18700,10.1966,5.8
Oslo - Blindern,SN18700,11.1966,2
Oslo - Blindern,SN18700,12.1966,-2.4
Oslo - Blindern,SN18700,1.1967,-7.3
Oslo - Blindern,SN18700,2.1967,-2.6
Oslo - Blindern,SN18700,3.1967,2.6
Oslo - Blindern,SN18700,4.1967,4.4
Oslo - Blindern,SN18700,5.1967,9.1
Oslo - Blindern,SN18700,6.1967,14.6
Oslo - Blindern,SN18700,7.1967,16.5
Oslo - Blindern,SN18700,8.1967,16.1
Oslo - Blindern,SN18700,9.1967,12.2
Oslo - Blindern,SN18700,10.1967,6.9
Oslo - Blindern,SN18700,11.1967,3.5
Oslo - Blindern,SN18700,12.1967,-3.8
Oslo - Blindern,SN18700,1.1968,-6.7
Oslo - Blindern,SN18700,2.1968,-5.1
Oslo - Blindern,SN18700,3.1968,1
Oslo - Blindern,SN18700,4.1968,6.4
Oslo - Blindern,SN18700,5.1968,9.1
Oslo - Blindern,SN18700,6.1968,16.4
Oslo - Blindern,SN18700,7.1968,16.2
Oslo - Blindern,SN18700,8.1968,16.8
Oslo - Blindern,SN18700,9.1968,12.2
Oslo - Blindern,SN18700,10.1968,5.1
Oslo - Blindern,SN18700,11.1968,-2
Oslo - Blindern,SN18700,12.1968,-4.1
Oslo - Blindern,SN18700,1.1969,-2.9
Oslo - Blindern,SN18700,2.1969,-7.3
Oslo - Blindern,SN18700,3.1969,-3
Oslo - Blindern,SN18700,4.1969,4.3
Oslo - Blindern,SN18700,5.1969,10.1
Oslo - Blindern,SN18700,6.1969,17.6
Oslo - Blindern,SN18700,7.1969,17.1
Oslo - Blindern,SN18700,8.1969,18.8
Oslo - Blindern,SN18700,9.1969,12.1
Oslo - Blindern,SN18700,10.1969,7.5
Oslo - Blindern,SN18700,11.1969,-1.4
Oslo - Blindern,SN18700,12.1969,-4.3
Oslo - Blindern,SN18700,1.197,-7.4
Oslo - Blindern,SN18700,2.197,-10.6
Oslo - Blindern,SN18700,3.197,-1.2
Oslo - Blindern,SN18700,4.197,2.3
Oslo - Blindern,SN18700,5.197,11.7
Oslo - Blindern,SN18700,6.197,18.3
Oslo - Blindern,SN18700,7.197,14.6
Oslo - Blindern,SN18700,8.197,16.6
Oslo - Blindern,SN18700,9.197,10.7
Oslo - Blindern,SN18700,10.197,6.5
Oslo - Blindern,SN18700,11.197,-0.7
Oslo - Blindern,SN18700,12.197,-1.2
Oslo - Blindern,SN18700,1.1971,-2.2
Oslo - Blindern,SN18700,2.1971,-0.3
Oslo - Blindern,SN18700,3.1971,-1.8
Oslo - Blindern,SN18700,4.1971,4.7
Oslo - Blindern,SN18700,5.1971,11.4
Oslo - Blindern,SN18700,6.1971,14.4
Oslo - Blindern,SN18700,7.1971,17
Oslo - Blindern,SN18700,8.1971,15.1
Oslo - Blindern,SN18700,9.1971,11.3
Oslo - Blindern,SN18700,10.1971,7.1
Oslo - Blindern,SN18700,11.1971,-0.9
Oslo - Blindern,SN18700,12.1971,0.8
Oslo - Blindern,SN18700,1.1972,-6
Oslo - Blindern,SN18700,2.1972,-2.7
Oslo - Blindern,SN18700,3.1972,0
Oslo - Blindern,SN18700,4.1972,4.8
Oslo - Blindern,SN18700,5.1972,11.3
Oslo - Blindern,SN18700,6.1972,14.5
Oslo - Blindern,SN18700,7.1972,18.3
Oslo - Blindern,SN18700,8.1972,15
Oslo - Blindern,SN18700,9.1972,10.1
Oslo - Blindern,SN18700,10.1972,6.7
Oslo - Blindern,SN18700,11.1972,1.5
Oslo - Blindern,SN18700,12.1972,2.1
Oslo - Blindern,SN18700,1.1973,0
Oslo - Blindern,SN18700,2.1973,-0.2
Oslo - Blindern,SN18700,3.1973,3.3
Oslo - Blindern,SN18700,4.1973,4
Oslo - Blindern,SN18700,5.1973,10.4
Oslo - Blindern,SN18700,6.1973,15.8
Oslo - Blindern,SN18700,7.1973,18.5
Oslo - Blindern,SN18700,8.1973,15
Oslo - Blindern,SN18700,9.1973,10.2
Oslo - Blindern,SN18700,10.1973,3.7
Oslo - Blindern,SN18700,11.1973,-0.8
Oslo - Blindern,SN18700,12.1973,-2.4
Oslo - Blindern,SN18700,1.1974,0.3
Oslo - Blindern,SN18700,2.1974,0.4
Oslo - Blindern,SN18700,3.1974,1.7
Oslo - Blindern,SN18700,4.1974,7.6
Oslo - Blindern,SN18700,5.1974,11.5
Oslo - Blindern,SN18700,6.1974,15.1
Oslo - Blindern,SN18700,7.1974,15.3
Oslo - Blindern,SN18700,8.1974,15.5
Oslo - Blindern,SN18700,9.1974,11.7
Oslo - Blindern,SN18700,10.1974,4.9
Oslo - Blindern,SN18700,11.1974,1.6
Oslo - Blindern,SN18700,12.1974,-0.4
Oslo - Blindern,SN18700,1.1975,0.4
Oslo - Blindern,SN18700,2.1975,-3.3
Oslo - Blindern,SN18700,3.1975,0.7
Oslo - Blindern,SN18700,4.1975,4.3
Oslo - Blindern,SN18700,5.1975,11.3
Oslo - Blindern,SN18700,6.1975,14.5
Oslo - Blindern,SN18700,7.1975,18.2
Oslo - Blindern,SN18700,8.1975,18.7
Oslo - Blindern,SN18700,9.1975,12.1
Oslo - Blindern,SN18700,10.1975,7.3
Oslo - Blindern,SN18700,11.1975,2.6
Oslo - Blindern,SN18700,12.1975,0.9
Oslo - Blindern,SN18700,1.1976,-4.6
Oslo - Blindern,SN18700,2.1976,-2.2
Oslo - Blindern,SN18700,3.1976,-1.4
Oslo - Blindern,SN18700,4.1976,4.9
Oslo - Blindern,SN18700,5.1976,11.4
Oslo - Blindern,SN18700,6.1976,15.8
Oslo - Blindern,SN18700,7.1976,18.4
Oslo - Blindern,SN18700,8.1976,18.1
Oslo - Blindern,SN18700,9.1976,9.8
Oslo - Blindern,SN18700,10.1976,5.1
Oslo - Blindern,SN18700,11.1976,0.8
Oslo - Blindern,SN18700,12.1976,-4.2
Oslo - Blindern,SN18700,1.1977,-4.2
Oslo - Blindern,SN18700,2.1977,-5.5
Oslo - Blindern,SN18700,3.1977,0.8
Oslo - Blindern,SN18700,4.1977,2.5
Oslo - Blindern,SN18700,5.1977,11.2
Oslo - Blindern,SN18700,6.1977,15.5
Oslo - Blindern,SN18700,7.1977,16.6
Oslo - Blindern,SN18700,8.1977,15.8
Oslo - Blindern,SN18700,9.1977,10.4
Oslo - Blindern,SN18700,10.1977,7.3
Oslo - Blindern,SN18700,11.1977,1.9
Oslo - Blindern,SN18700,12.1977,-1.9
Oslo - Blindern,SN18700,1.1978,-2.1
Oslo - Blindern,SN18700,2.1978,-6.7
Oslo - Blindern,SN18700,3.1978,-1.2
Oslo - Blindern,SN18700,4.1978,3.9
Oslo - Blindern,SN18700,5.1978,11.4
Oslo - Blindern,SN18700,6.1978,16.1
Oslo - Blindern,SN18700,7.1978,15.4
Oslo - Blindern,SN18700,8.1978,15.1
Oslo - Blindern,SN18700,9.1978,9.3
Oslo - Blindern,SN18700,10.1978,6.6
Oslo - Blindern,SN18700,11.1978,3.9
Oslo - Blindern,SN18700,12.1978,-7.9
Oslo - Blindern,SN18700,1.1979,-7.6
Oslo - Blindern,SN18700,2.1979,-6.3
Oslo - Blindern,SN18700,3.1979,-0.3
Oslo - Blindern,SN18700,4.1979,3.9
Oslo - Blindern,SN18700,5.1979,8.5
Oslo - Blindern,SN18700,6.1979,15.9
Oslo - Blindern,SN18700,7.1979,15.7
Oslo - Blindern,SN18700,8.1979,14.3
Oslo - Blindern,SN18700,9.1979,10.8
Oslo - Blindern,SN18700,10.1979,4.8
Oslo - Blindern,SN18700,11.1979,-0.1
Oslo - Blindern,SN18700,12.1979,-3.4
Oslo - Blindern,SN18700,1.198,-6.4
Oslo - Blindern,SN18700,2.198,-7.3
Oslo - Blindern,SN18700,3.198,-2.1
Oslo - Blindern,SN18700,4.198,5.4
Oslo - Blindern,SN18700,5.198,11.9
Oslo - Blindern,SN18700,6.198,16
Oslo - Blindern,SN18700,7.198,17.4
Oslo - Blindern,SN18700,8.198,15.4
Oslo - Blindern,SN18700,9.198,12
Oslo - Blindern,SN18700,10.198,4.7
Oslo - Blindern,SN18700,11.198,-1.7
Oslo - Blindern,SN18700,12.198,-1
Oslo - Blindern,SN18700,1.1981,-3.7
Oslo - Blindern,SN18700,2.1981,-3.9
Oslo - Blindern,SN18700,3.1981,-1.9
Oslo - Blindern,SN18700,4.1981,4.8
Oslo - Blindern,SN18700,5.1981,12.2
Oslo - Blindern,SN18700,6.1981,12.9
Oslo - Blindern,SN18700,7.1981,16.5
Oslo - Blindern,SN18700,8.1981,15.7
Oslo - Blindern,SN18700,9.1981,12.6
Oslo - Blindern,SN18700,10.1981,5.2
Oslo - Blindern,SN18700,11.1981,0.7
Oslo - Blindern,SN18700,12.1981,-8.7
Oslo - Blindern,SN18700,1.1982,-7.9
Oslo - Blindern,SN18700,2.1982,-3.5
Oslo - Blindern,SN18700,3.1982,1.8
Oslo - Blindern,SN18700,4.1982,5.3
Oslo - Blindern,SN18700,5.1982,10
Oslo - Blindern,SN18700,6.1982,14.1
Oslo - Blindern,SN18700,7.1982,18.5
Oslo - Blindern,SN18700,8.1982,16.7
Oslo - Blindern,SN18700,9.1982,12.3
Oslo - Blindern,SN18700,10.1982,6.3
Oslo - Blindern,SN18700,11.1982,2.6
Oslo - Blindern,SN18700,12.1982,-1.6
Oslo - Blindern,SN18700,1.1983,0.9
Oslo - Blindern,SN18700,2.1983,-3.9
Oslo - Blindern,SN18700,3.1983,1.6
Oslo - Blindern,SN18700,4.1983,5.6
Oslo - Blindern,SN18700,5.1983,10.7
Oslo - Blindern,SN18700,6.1983,14.5
Oslo - Blindern,SN18700,7.1983,18.3
Oslo - Blindern,SN18700,8.1983,17
Oslo - Blindern,SN18700,9.1983,11.8
Oslo - Blindern,SN18700,10.1983,7.3
Oslo - Blindern,SN18700,11.1983,1.4
Oslo - Blindern,SN18700,12.1983,-0.8
Oslo - Blindern,SN18700,1.1984,-4.6
Oslo - Blindern,SN18700,2.1984,-2.6
Oslo - Blindern,SN18700,3.1984,-1.1
Oslo - Blindern,SN18700,4.1984,6
Oslo - Blindern,SN18700,5.1984,12.6
Oslo - Blindern,SN18700,6.1984,14.8
Oslo - Blindern,SN18700,7.1984,16.5
Oslo - Blindern,SN18700,8.1984,16.5
Oslo - Blindern,SN18700,9.1984,10.3
Oslo - Blindern,SN18700,10.1984,8.2
Oslo - Blindern,SN18700,11.1984,3
Oslo - Blindern,SN18700,12.1984,0.8
Oslo - Blindern,SN18700,1.1985,-8.4
Oslo - Blindern,SN18700,2.1985,-9
Oslo - Blindern,SN18700,3.1985,-0.5
Oslo - Blindern,SN18700,4.1985,3
Oslo - Blindern,SN18700,5.1985,11.8
Oslo - Blindern,SN18700,6.1985,14.3
Oslo - Blindern,SN18700,7.1985,16.5
Oslo - Blindern,SN18700,8.1985,15
Oslo - Blindern,SN18700,9.1985,9.3
Oslo - Blindern,SN18700,10.1985,7.7
Oslo - Blindern,SN18700,11.1985,-1
Oslo - Blindern,SN18700,12.1985,-6.5
Oslo - Blindern,SN18700,1.1986,-6.5
Oslo - Blindern,SN18700,2.1986,-7.3
Oslo - Blindern,SN18700,3.1986,0.5
Oslo - Blindern,SN18700,4.1986,2.9
Oslo - Blindern,SN18700,5.1986,11
Oslo - Blindern,SN18700,6.1986,16.7
Oslo - Blindern,SN18700,7.1986,16.9
Oslo - Blindern,SN18700,8.1986,13.4
Oslo - Blindern,SN18700,9.1986,9
Oslo - Blindern,SN18700,10.1986,6.9
Oslo - Blindern,SN18700,11.1986,4.3
Oslo - Blindern,SN18700,12.1986,-1.5
Oslo - Blindern,SN18700,1.1987,-10.3
Oslo - Blindern,SN18700,2.1987,-4.2
Oslo - Blindern,SN18700,3.1987,-3.9
Oslo - Blindern,SN18700,4.1987,5.5
Oslo - Blindern,SN18700,5.1987,9.4
Oslo - Blindern,SN18700,6.1987,12.4
Oslo - Blindern,SN18700,7.1987,16.8
Oslo - Blindern,SN18700,8.1987,13.4
Oslo - Blindern,SN18700,9.1987,10
Oslo - Blindern,SN18700,10.1987,7.8
Oslo - Blindern,SN18700,11.1987,0.6
Oslo - Blindern,SN18700,12.1987,-2.4
Oslo - Blindern,SN18700,1.1988,0.8
Oslo - Blindern,SN18700,2.1988,-1.2
Oslo - Blindern,SN18700,3.1988,-1.2
Oslo - Blindern,SN18700,4.1988,3.6
Oslo - Blindern,SN18700,5.1988,12.3
Oslo - Blindern,SN18700,6.1988,18.9
Oslo - Blindern,SN18700,7.1988,16.6
Oslo - Blindern,SN18700,8.1988,15.3
Oslo - Blindern,SN18700,9.1988,12.4
Oslo - Blindern,SN18700,10.1988,5.2
Oslo - Blindern,SN18700,11.1988,-1
Oslo - Blindern,SN18700,12.1988,-2.5
Oslo - Blindern,SN18700,1.1989,2.6
Oslo - Blindern,SN18700,2.1989,2.8
Oslo - Blindern,SN18700,3.1989,3.7
Oslo - Blindern,SN18700,4.1989,5.4
Oslo - Blindern,SN18700,5.1989,11.1
Oslo - Blindern,SN18700,6.1989,15.5
Oslo - Blindern,SN18700,7.1989,17.4
Oslo - Blindern,SN18700,8.1989,14.6
Oslo - Blindern,SN18700,9.1989,12
Oslo - Blindern,SN18700,10.1989,6.6
Oslo - Blindern,SN18700,11.1989,2.7
Oslo - Blindern,SN18700,12.1989,-2.5
Oslo - Blindern,SN18700,1.199,1
Oslo - Blindern,SN18700,2.199,3.6
Oslo - Blindern,SN18700,3.199,4.7
Oslo - Blindern,SN18700,4.199,6.7
Oslo - Blindern,SN18700,5.199,12.5
Oslo - Blindern,SN18700,6.199,15.4
Oslo - Blindern,SN18700,7.199,17
Oslo - Blindern,SN18700,8.199,16.3
Oslo - Blindern,SN18700,9.199,10.5
Oslo - Blindern,SN18700,10.199,6.4
Oslo - Blindern,SN18700,11.199,0.3
Oslo - Blindern,SN18700,12.199,-0.8
Oslo - Blindern,SN18700,1.1991,-2.6
Oslo - Blindern,SN18700,2.1991,-3.9
Oslo - Blindern,SN18700,3.1991,1.9
Oslo - Blindern,SN18700,4.1991,5.7
Oslo - Blindern,SN18700,5.1991,10.8
Oslo - Blindern,SN18700,6.1991,11.9
Oslo - Blindern,SN18700,7.1991,18.6
Oslo - Blindern,SN18700,8.1991,17
Oslo - Blindern,SN18700,9.1991,11.8
Oslo - Blindern,SN18700,10.1991,6.6
Oslo - Blindern,SN18700,11.1991,2.5
Oslo - Blindern,SN18700,12.1991,0.3
Oslo - Blindern,SN18700,1.1992,-0.3
Oslo - Blindern,SN18700,2.1992,0.2
Oslo - Blindern,SN18700,3.1992,2.8
Oslo - Blindern,SN18700,4.1992,4.4
Oslo - Blindern,SN18700,5.1992,13.3
Oslo - Blindern,SN18700,6.1992,18.1
Oslo - Blindern,SN18700,7.1992,16.8
Oslo - Blindern,SN18700,8.1992,14.4
Oslo - Blindern,SN18700,9.1992,11.5
Oslo - Blindern,SN18700,10.1992,3.3
Oslo - Blindern,SN18700,11.1992,1.2
Oslo - Blindern,SN18700,12.1992,-1.1
Oslo - Blindern,SN18700,1.1993,0.2
Oslo - Blindern,SN18700,2.1993,-0.7
Oslo - Blindern,SN18700,3.1993,1.4
Oslo - Blindern,SN18700,4.1993,6.6
Oslo - Blindern,SN18700,5.1993,13.2
Oslo - Blindern,SN18700,6.1993,13.9
Oslo - Blindern,SN18700,7.1993,15.1
Oslo - Blindern,SN18700,8.1993,13.4
Oslo - Blindern,SN18700,9.1993,9.3
Oslo - Blindern,SN18700,10.1993,4.5
Oslo - Blindern,SN18700,11.1993,-0.3
Oslo - Blindern,SN18700,12.1993,-3.2
Oslo - Blindern,SN18700,1.1994,-3.9
Oslo - Blindern,SN18700,2.1994,-7.6
Oslo - Blindern,SN18700,3.1994,0.6
Oslo - Blindern,SN18700,4.1994,6.3
Oslo - Blindern,SN18700,5.1994,11.1
Oslo - Blindern,SN18700,6.1994,13.9
Oslo - Blindern,SN18700,7.1994,20.7
Oslo - Blindern,SN18700,8.1994,16.3
Oslo - Blindern,SN18700,9.1994,10.3
Oslo - Blindern,SN18700,10.1994,5.6
Oslo - Blindern,SN18700,11.1994,2
Oslo - Blindern,SN18700,12.1994,0.3
Oslo - Blindern,SN18700,1.1995,-2.7
Oslo - Blindern,SN18700,2.1995,-0.2
Oslo - Blindern,SN18700,3.1995,1.3
Oslo - Blindern,SN18700,4.1995,4.1
Oslo - Blindern,SN18700,5.1995,10
Oslo - Blindern,SN18700,6.1995,15.4
Oslo - Blindern,SN18700,7.1995,16.8
Oslo - Blindern,SN18700,8.1995,18.1
Oslo - Blindern,SN18700,9.1995,11.3
Oslo - Blindern,SN18700,10.1995,9
Oslo - Blindern,SN18700,11.1995,-0.4
Oslo - Blindern,SN18700,12.1995,-6.4
Oslo - Blindern,SN18700,1.1996,-5.1
Oslo - Blindern,SN18700,2.1996,-6.2
Oslo - Blindern,SN18700,3.1996,-0.6
Oslo - Blindern,SN18700,4.1996,4.9
Oslo - Blindern,SN18700,5.1996,8.4
Oslo - Blindern,SN18700,6.1996,14.2
Oslo - Blindern,SN18700,7.1996,15.9
Oslo - Blindern,SN18700,8.1996,18.4
Oslo - Blindern,SN18700,9.1996,10.4
Oslo - Blindern,SN18700,10.1996,7.7
Oslo - Blindern,SN18700,11.1996,0.4
Oslo - Blindern,SN18700,12.1996,-4.4
Oslo - Blindern,SN18700,1.1997,-4
Oslo - Blindern,SN18700,2.1997,-0.3
Oslo - Blindern,SN18700,3.1997,2.4
Oslo - Blindern,SN18700,4.1997,5.1
Oslo - Blindern,SN18700,5.1997,9.3
Oslo - Blindern,SN18700,6.1997,16.3
Oslo - Blindern,SN18700,7.1997,19.5
Oslo - Blindern,SN18700,8.1997,20.5
Oslo - Blindern,SN18700,9.1997,12.4
Oslo - Blindern,SN18700,10.1997,4.8
Oslo - Blindern,SN18700,11.1997,1.5
Oslo - Blindern,SN18700,12.1997,-1
Oslo - Blindern,SN18700,1.1998,-1.1
Oslo - Blindern,SN18700,2.1998,1.4
Oslo - Blindern,SN18700,3.1998,0.8
Oslo - Blindern,SN18700,4.1998,4.3
Oslo - Blindern,SN18700,5.1998,11.6
Oslo - Blindern,SN18700,6.1998,13.2
Oslo - Blindern,SN18700,7.1998,15.4
Oslo - Blindern,SN18700,8.1998,14.4
Oslo - Blindern,SN18700,9.1998,12.5
Oslo - Blindern,SN18700,10.1998,5.4
Oslo - Blindern,SN18700,11.1998,-0.7
Oslo - Blindern,SN18700,12.1998,-0.6
Oslo - Blindern,SN18700,1.1999,-2.2
Oslo - Blindern,SN18700,2.1999,-2.3
Oslo - Blindern,SN18700,3.1999,0.4
Oslo - Blindern,SN18700,4.1999,6.7
Oslo - Blindern,SN18700,5.1999,9.5
Oslo - Blindern,SN18700,6.1999,14
Oslo - Blindern,SN18700,7.1999,17.4
Oslo - Blindern,SN18700,8.1999,16.1
Oslo - Blindern,SN18700,9.1999,14.4
Oslo - Blindern,SN18700,10.1999,6.6
Oslo - Blindern,SN18700,11.1999,4.2
Oslo - Blindern,SN18700,12.1999,-2.7
Oslo - Blindern,SN18700,1.2,-0.4
Oslo - Blindern,SN18700,2.2,-0.4
Oslo - Blindern,SN18700,3.2,2
Oslo - Blindern,SN18700,4.2,6.4
Oslo - Blindern,SN18700,5.2,12.5
Oslo - Blindern,SN18700,6.2,13.6
Oslo - Blindern,SN18700,7.2,16.2
Oslo - Blindern,SN18700,8.2,15.4
Oslo - Blindern,SN18700,9.2,11.5
Oslo - Blindern,SN18700,10.2,9.5
Oslo - Blindern,SN18700,11.2,5.8
Oslo - Blindern,SN18700,12.2,1.2
Oslo - Blindern,SN18700,1.2001,-2.8
Oslo - Blindern,SN18700,2.2001,-5.3
Oslo - Blindern,SN18700,3.2001,-1.5
Oslo - Blindern,SN18700,4.2001,4.3
Oslo - Blindern,SN18700,5.2001,11.9
Oslo - Blindern,SN18700,6.2001,14.6
Oslo - Blindern,SN18700,7.2001,17.8
Oslo - Blindern,SN18700,8.2001,15.9
Oslo - Blindern,SN18700,9.2001,11.7
Oslo - Blindern,SN18700,10.2001,9
Oslo - Blindern,SN18700,11.2001,2.2
Oslo - Blindern,SN18700,12.2001,-3.3
Oslo - Blindern,SN18700,1.2002,-2.8
Oslo - Blindern,SN18700,2.2002,0.7
Oslo - Blindern,SN18700,3.2002,2.1
Oslo - Blindern,SN18700,4.2002,7
Oslo - Blindern,SN18700,5.2002,12.8
Oslo - Blindern,SN18700,6.2002,16.6
Oslo - Blindern,SN18700,7.2002,17.4
Oslo - Blindern,SN18700,8.2002,20.4
Oslo - Blindern,SN18700,9.2002,13.4
Oslo - Blindern,SN18700,10.2002,3.5
Oslo - Blindern,SN18700,11.2002,-1.2
Oslo - Blindern,SN18700,12.2002,-5.8
Oslo - Blindern,SN18700,1.2003,-3.8
Oslo - Blindern,SN18700,2.2003,-2.6
Oslo - Blindern,SN18700,3.2003,1.7
Oslo - Blindern,SN18700,4.2003,6
Oslo - Blindern,SN18700,5.2003,10.1
Oslo - Blindern,SN18700,6.2003,16.3
Oslo - Blindern,SN18700,7.2003,18.9
Oslo - Blindern,SN18700,8.2003,17.4
Oslo - Blindern,SN18700,9.2003,12.5
Oslo - Blindern,SN18700,10.2003,4
Oslo - Blindern,SN18700,11.2003,3
Oslo - Blindern,SN18700,12.2003,0.4
Oslo - Blindern,SN18700,1.2004,-3.8
Oslo - Blindern,SN18700,2.2004,-1.4
Oslo - Blindern,SN18700,3.2004,2.1
Oslo - Blindern,SN18700,4.2004,7.5
Oslo - Blindern,SN18700,5.2004,12.4
Oslo - Blindern,SN18700,6.2004,14.2
Oslo - Blindern,SN18700,7.2004,16
Oslo - Blindern,SN18700,8.2004,18
Oslo - Blindern,SN18700,9.2004,12.6
Oslo - Blindern,SN18700,10.2004,6.6
Oslo - Blindern,SN18700,11.2004,1.2
Oslo - Blindern,SN18700,12.2004,0.4
Oslo - Blindern,SN18700,1.2005,1.7
Oslo - Blindern,SN18700,2.2005,-1
Oslo - Blindern,SN18700,3.2005,-0.8
Oslo - Blindern,SN18700,4.2005,6.9
Oslo - Blindern,SN18700,5.2005,9.7
Oslo - Blindern,SN18700,6.2005,14.6
Oslo - Blindern,SN18700,7.2005,18.7
Oslo - Blindern,SN18700,8.2005,15.9
Oslo - Blindern,SN18700,9.2005,12.6
Oslo - Blindern,SN18700,10.2005,7.5
Oslo - Blindern,SN18700,11.2005,4.4
Oslo - Blindern,SN18700,12.2005,-1.1
Oslo - Blindern,SN18700,1.2006,-2.4
Oslo - Blindern,SN18700,2.2006,-3.2
Oslo - Blindern,SN18700,3.2006,-3.2
Oslo - Blindern,SN18700,4.2006,4.7
Oslo - Blindern,SN18700,5.2006,12
Oslo - Blindern,SN18700,6.2006,16.1
Oslo - Blindern,SN18700,7.2006,20.1
Oslo - Blindern,SN18700,8.2006,18
Oslo - Blindern,SN18700,9.2006,15
Oslo - Blindern,SN18700,10.2006,8.4
Oslo - Blindern,SN18700,11.2006,4.1
Oslo - Blindern,SN18700,12.2006,2.4
Oslo - Blindern,SN18700,1.2007,-0.9
Oslo - Blindern,SN18700,2.2007,-3.2
Oslo - Blindern,SN18700,3.2007,4.2
Oslo - Blindern,SN18700,4.2007,7.6
Oslo - Blindern,SN18700,5.2007,10.9
Oslo - Blindern,SN18700,6.2007,17
Oslo - Blindern,SN18700,7.2007,16.1
Oslo - Blindern,SN18700,8.2007,16.5
Oslo - Blindern,SN18700,9.2007,11
Oslo - Blindern,SN18700,10.2007,6.9
Oslo - Blindern,SN18700,11.2007,1.5
Oslo - Blindern,SN18700,12.2007,-1.4
Oslo - Blindern,SN18700,1.2008,0.9
Oslo - Blindern,SN18700,2.2008,1.9
Oslo - Blindern,SN18700,3.2008,0.9
Oslo - Blindern,SN18700,4.2008,6.7
Oslo - Blindern,SN18700,5.2008,12.3
Oslo - Blindern,SN18700,6.2008,15.8
Oslo - Blindern,SN18700,7.2008,18.3
Oslo - Blindern,SN18700,8.2008,15.2
Oslo - Blindern,SN18700,9.2008,10.8
Oslo - Blindern,SN18700,10.2008,6.8
Oslo - Blindern,SN18700,11.2008,2.1
Oslo - Blindern,SN18700,12.2008,-1.2
Oslo - Blindern,SN18700,1.2009,-2.2
Oslo - Blindern,SN18700,2.2009,-5.1
Oslo - Blindern,SN18700,3.2009,1.2
Oslo - Blindern,SN18700,4.2009,7.7
Oslo - Blindern,SN18700,5.2009,12
Oslo - Blindern,SN18700,6.2009,15.8
Oslo - Blindern,SN18700,7.2009,17.3
Oslo - Blindern,SN18700,8.2009,16.1
Oslo - Blindern,SN18700,9.2009,12.9
Oslo - Blindern,SN18700,10.2009,4.4
Oslo - Blindern,SN18700,11.2009,3.9
Oslo - Blindern,SN18700,12.2009,-3.8
Oslo - Blindern,SN18700,1.201,-8.1
Oslo - Blindern,SN18700,2.201,-6.3
Oslo - Blindern,SN18700,3.201,0.3
Oslo - Blindern,SN18700,4.201,6
Oslo - Blindern,SN18700,5.201,11
Oslo - Blindern,SN18700,6.201,15.3
Oslo - Blindern,SN18700,7.201,18
Oslo - Blindern,SN18700,8.201,16.1
Oslo - Blindern,SN18700,9.201,11.3
Oslo - Blindern,SN18700,10.201,5.7
Oslo - Blindern,SN18700,11.201,-2
Oslo - Blindern,SN18700,12.201,-9.2
Oslo - Blindern,SN18700,1.2011,-3.5
Oslo - Blindern,SN18700,2.2011,-4.9
Oslo - Blindern,SN18700,3.2011,0.6
Oslo - Blindern,SN18700,4.2011,9.4
Oslo - Blindern,SN18700,5.2011,11.3
Oslo - Blindern,SN18700,6.2011,15.9
Oslo - Blindern,SN18700,7.2011,18
Oslo - Blindern,SN18700,8.2011,16.1
Oslo - Blindern,SN18700,9.2011,12.7
Oslo - Blindern,SN18700,10.2011,7.6
Oslo - Blindern,SN18700,11.2011,4.6
Oslo - Blindern,SN18700,12.2011,0.8
Oslo - Blindern,SN18700,1.2012,-2.4
Oslo - Blindern,SN18700,2.2012,-2.2
Oslo - Blindern,SN18700,3.2012,5.6
Oslo - Blindern,SN18700,4.2012,4.9
Oslo - Blindern,SN18700,5.2012,12.3
Oslo - Blindern,SN18700,6.2012,13.7
Oslo - Blindern,SN18700,7.2012,16.4
Oslo - Blindern,SN18700,8.2012,16.1
Oslo - Blindern,SN18700,9.2012,11.1
Oslo - Blindern,SN18700,10.2012,5.2
Oslo - Blindern,SN18700,11.2012,3.2
Oslo - Blindern,SN18700,12.2012,-5.1
Oslo - Blindern,SN18700,1.2013,-4.9
Oslo - Blindern,SN18700,2.2013,-3.2
Oslo - Blindern,SN18700,3.2013,-2.1
Oslo - Blindern,SN18700,4.2013,4.3
Oslo - Blindern,SN18700,5.2013,12.8
Oslo - Blindern,SN18700,6.2013,15
Oslo - Blindern,SN18700,7.2013,18.4
Oslo - Blindern,SN18700,8.2013,16.3
Oslo - Blindern,SN18700,9.2013,12
Oslo - Blindern,SN18700,10.2013,7.5
Oslo - Blindern,SN18700,11.2013,2.4
Oslo - Blindern,SN18700,12.2013,2
Oslo - Blindern,SN18700,1.2014,-2.6
Oslo - Blindern,SN18700,2.2014,1.9
Oslo - Blindern,SN18700,3.2014,4.3
Oslo - Blindern,SN18700,4.2014,7.7
Oslo - Blindern,SN18700,5.2014,12
Oslo - Blindern,SN18700,6.2014,15.7
Oslo - Blindern,SN18700,7.2014,20.8
Oslo - Blindern,SN18700,8.2014,15.8
Oslo - Blindern,SN18700,9.2014,13.1
Oslo - Blindern,SN18700,10.2014,8.9
Oslo - Blindern,SN18700,11.2014,4.1
Oslo - Blindern,SN18700,12.2014,-2.2
Oslo - Blindern,SN18700,1.2015,-0.3
Oslo - Blindern,SN18700,2.2015,0.3
Oslo - Blindern,SN18700,3.2015,3.5
Oslo - Blindern,SN18700,4.2015,7.1
Oslo - Blindern,SN18700,5.2015,9
Oslo - Blindern,SN18700,6.2015,14.2
Oslo - Blindern,SN18700,7.2015,16.2
Oslo - Blindern,SN18700,8.2015,16.5
Oslo - Blindern,SN18700,9.2015,12.5
Oslo - Blindern,SN18700,10.2015,7.2
Oslo - Blindern,SN18700,11.2015,3.2
Oslo - Blindern,SN18700,12.2015,2.1
Oslo - Blindern,SN18700,1.2016,-5.5
Oslo - Blindern,SN18700,2.2016,-0.7
Oslo - Blindern,SN18700,3.2016,3.1
Oslo - Blindern,SN18700,4.2016,5.9
Oslo - Blindern,SN18700,5.2016,12.3
Oslo - Blindern,SN18700,6.2016,16.7
Oslo - Blindern,SN18700,7.2016,17.2
Oslo - Blindern,SN18700,8.2016,15.5
Oslo - Blindern,SN18700,9.2016,15
Oslo - Blindern,SN18700,10.2016,6.1
Oslo - Blindern,SN18700,11.2016,0.7
Oslo - Blindern,SN18700,12.2016,0.9
Oslo - Blindern,SN18700,1.2017,-1.4
Oslo - Blindern,SN18700,2.2017,-1.5
Oslo - Blindern,SN18700,3.2017,2.6
Oslo - Blindern,SN18700,4.2017,5.2
Oslo - Blindern,SN18700,5.2017,11.6
Oslo - Blindern,SN18700,6.2017,15.1
Oslo - Blindern,SN18700,7.2017,16.9
Oslo - Blindern,SN18700,8.2017,15.3
Oslo - Blindern,SN18700,9.2017,12.2
Oslo - Blindern,SN18700,10.2017,7.2
Oslo - Blindern,SN18700,11.2017,1.6
Oslo - Blindern,SN18700,12.2017,-1.5
Oslo - Blindern,SN18700,1.2018,-1.7
Oslo - Blindern,SN18700,2.2018,-4.1
Oslo - Blindern,SN18700,3.2018,-2.3
Oslo - Blindern,SN18700,4.2018,6.5
Oslo - Blindern,SN18700,5.2018,16.1
Oslo - Blindern,SN18700,6.2018,17.9
Oslo - Blindern,SN18700,7.2018,22.2
Oslo - Blindern,SN18700,8.2018,16.3
Oslo - Blindern,SN18700,9.2018,12.5
Oslo - Blindern,SN18700,10.2018,7.4
Oslo - Blindern,SN18700,11.2018,3.4
Oslo - Blindern,SN18700,12.2018,-1.2
Oslo - Blindern,SN18700,1.2019,-2.8
Oslo - Blindern,SN18700,2.2019,0.5
Oslo - Blindern,SN18700,3.2019,2.3
Oslo - Blindern,SN18700,4.2019,8.7
Oslo - Blindern,SN18700,5.2019,10.4
Oslo - Blindern,SN18700,6.2019,15.4
Oslo - Blindern,SN18700,7.2019,17.9
Oslo - Blindern,SN18700,8.2019,16.8
Oslo - Blindern,SN18700,9.2019,11.4
Oslo - Blindern,SN18700,10.2019,5.4
Oslo - Blindern,SN18700,11.2019,1
Oslo - Blindern,SN18700,12.2019,0.4
Oslo - Blindern,SN18700,1.202,2.7
Oslo - Blindern,SN18700,2.202,1.9
Oslo - Blindern,SN18700,3.202,3
Oslo - Blindern,SN18700,4.202,7.3
Oslo - Blindern,SN18700,5.202,10.2
Oslo - Blindern,SN18700,6.202,18.8
Oslo - Blindern,SN18700,7.202,15.1
